Serial,Series,Season,Episode,Question,Answer,Comic Reference Needed?,Other External Knowledge,Other Series,Speculative
AAAS1E1_Q1,Agatha All Along,1,1,"In the Marvel Television opening title bumper, which specific comic book armor model is shown in the comic book flip sequence?",The armored fist shown in the rapidly flipping comic sequence is the Model 22 ThorBuster Armor worn by Iron Man from 2003's Invincible Iron Man #64.,Y,,,
AAAS1E1_Q2,Agatha All Along,1,1,"In Ep 1, why does John Collins (Herb) pronounce the word ""water"" as ""woter/wooder""? What show and sketch is this referencing?","Episode 1 parodies HBO's Mare of Easttown (where a girl is found dead in a creek). Herb's pronunciation ""woter"" reflects the local Philadelphia/Delaware Valley accent featured in Mare of Easttown and famously parodied in Saturday Night Live's ""Murder Durder"" sketch.",,Y,,
AAAS1E1_Q3,Agatha All Along,1,1,"In Ep 1, when Herb states that Jane Doe is ""really most sincerely dead,"" which classic work is this line directly quoted from?","The line is a direct quote from The Wizard of Oz, where the Coroner of Munchkinland pronounces the Wicked Witch of the East ""really most sincerely dead.""",,Y,,
AAAS1E1_Q4,Agatha All Along,1,1,"What real-world MCU milestone dates and creator birthdays are hidden on the Westview library checkout card for the Darkhold (""Dialogue and Rhetoric"")?","The library card checkout dates correspond to real MCU events and birthdays: Jan 18 (WandaVision Ep 3 release/birth of Billy & Tommy), Feb 16 (Elizabeth Olsen's birthday), Aug 28 (Jack Kirby's birthday), June 2 (Kevin Feige's birthday), and Dec 28 (Stan Lee's birthday).",,Y,WandaVision,
AAAS1E1_Q5,Agatha All Along,1,1,"What is the real-world historical significance of Dottie Jones's real name, Sarah Proctor?",Sarah Proctor was the real-world name of a 16-year-old girl in Salem Colony who was accused of witchcraft during the 1692 Salem Witch Trials.,,Y,,
AAAS1E1_Q6,Agatha All Along,1,1,"What famous 18th-century painting replaces the interrogation room's two-way mirror in Agatha's living room once the illusion glitches, and why is it significant?","The painting is ""Macbeth and the Three Witches"" by Francesco Zuccarelli. It references Shakespeare's Macbeth, which popularized the classic cultural archetype of witches huddled around a cauldron predicting the future.",,Y,,
AAAS1E1_Q7,Agatha All Along,1,1,"What Latin incantation does Teen chant during the interrogation scene, and what is its translation?","Teen chants ""Incar exeo feminum defix"", which translates to ""Incarnate exit, women fixed."" The plural ""women"" suggests the spell was designed for multiple witches to undo the Scarlet Witch's hex.",,Y,,Y
AAAS1E1_Q8,Agatha All Along,1,1,"In Ep 1, when Agatha transitions between her sitcom outfits in the morgue, she bumps into a swinging lamp. What filmmaking visual effects term does this homage?","It references the classic VFX phrase ""bumping the lamp,"" originating from Who Framed Roger Rabbit where practical lighting is moved to realistically integrate live-action elements with optical/visual effects.",,Y,,
AAAS1E2_Q1,Agatha All Along,1,2,"Why did the population count on the Westview welcome sign drop from 3,892 in WandaVision to 2,251 in Agatha All Along?","Over 1,600 residents moved away from Westview following the traumatic events of Wanda's hex, crippling the local economy and population.",,Y,WandaVision,
AAAS1E2_Q2,Agatha All Along,1,2,"When Lilia Calderu goes into a trance on the back of Three Star Rentals eviction notice, which tarot card does the geometric symbol on the notice originate from?","The symbol comes from the Three of Pentacles tarot card, which signifies teamwork, collaboration, learning, and working together to overcome challenges (foreshadowing the gathering of the coven).",,Y,,
AAAS1E2_Q3,Agatha All Along,1,2,Which animals appear in Episode 2 as disguised forms of the Salem 7 stalking Agatha and her coven?,"The Salem 7 spy on Agatha in animal forms including a crow (Bethany Curry), a rat (Britt Grant), a coyote (Chao Na), an owl (Alice Velbailey), and a cicada (Vertigo).",Y,,,
AAAS1E2_Q4,Agatha All Along,1,2,"In Ep 2, when the coven sings The Ballad of the Witches' Road to open the door, what famous Shakespeare line is recited before the song begins?","Agatha recites ""Fair is foul and foul is fair,"" spoken by the witches in Shakespeare's Macbeth to symbolize deception and inverted reality.",,Y,,
AAAS1E3_Q1,Agatha All Along,1,3,"Why does Agatha keep calling Sharon as Mrs. Hart, the character she played within the fictional rality created by Wanda in Wandavision?","At the end of WandaVision, Wanda absorbs all of Agatha's powers and punishes her by casting a spell on her that keeps Agatha trapped in the fictional reality as Agnes. Even after getting herself out of that spell, that spell might have impacted Agatha in a way that she still remembers Sharon by the fictional name of Mrs. Hart",,Y,WandaVision,Y
AAAS1E3_Q2,Agatha All Along,1,3,"(Before entering the beachhouse)
Sharon: Maybe this is the end
What event does this line foreshadow?",Sharon's death,,,,
AAAS1E3_Q3,Agatha All Along,1,3,"(After entering the beachhouse)
Sharon: Bury me in that kitchen
What event does this line foreshadow?",Sharon's death in the kitchen,,,,
AAAS1E3_Q4,Agatha All Along,1,3,"(After entering the beachhouse)
Agatha: Please God not a baby shower?
Why would Agatha say this?",If Agatha sacrificed her baby boy for the DarkHold then she would not want to be around babies,,,,
AAAS1E3_Q5,Agatha All Along,1,3,"Teen: A lot happened to me at 13 too.

Why could teen have said this?","The events of Agatha All Along occur 3 years after Wanda lifted the hex. now Teen is 16, so 3 years back, he would be 13. This means he might have some experience when the hex was lifted.",,Y,WandaVision,Y
AAAS1E3_Q6,Agatha All Along,1,3,"Jen: "".....gut of an eusocial insect....""
What is this?",Honey,,,,
AAAS1E3_Q7,Agatha All Along,1,3,Why does Sharon die even after she was given the potion?,"They never got a strand of Sharon's hair in the potion, leaving Sharon to die",,,,
AAAS1E3_Q8,Agatha All Along,1,3,"(The oven pops open after the first trial)
Lilia: That happened to a friend of mine once. She had a lovely house too.
Which fairy tale does this refer to?",Grim Brothers' Fairytale of Hansel and Gretel,,Y,,
AAAS1E3_Q9,Agatha All Along,1,3,"Agatha: Who's Sharon?
Why does Agatha not remember who Sharon is?","At the end of WandaVision, Wanda absorbs all of Agatha's powers and punishes her by casting a spell on her that keeps Agatha trapped in the fictional reality as Agnes. Even after getting herself out of that spell, that spell might have impacted Agatha in a way that she still remembers Sharon by the fictional name of Mrs. Hart",,Y,WandaVision,Y
AAAS1E4_Q1,Agatha All Along,1,4,"In Ep 4, Why did the leaves change color from previous trail?","Ep 3 it was a blue/indigo color to match the water trial at the beach house, now they are shades of red, orange, yellow to show the fire trial",,,,
AAAS1E4_Q2,Agatha All Along,1,4,"Ep 4
Agatha: Didn't think you had it in you.
Teen: Didn't think who had what in them?
Agatha winks, Teen seems disappointed. Why?","1. Teen might be angry at Agatha for dragging an innocent woman to a witch trial and for having callous attitute towards her death as he is digging the grave
2. Agatha doies not answer questions
3. He is probably reeling from Jen Kale's comments on what Agatha might have done to her Son",,,,
AAAS1E4_Q3,Agatha All Along,1,4,Why does Jen ask Alice about her whereabouts when Sharon needed protecting?,Alice is a protection witch,,,,
AAAS1E4_Q4,Agatha All Along,1,4,Alice wiped away a tear as the Ballad finished when the witches first sang it. Why?,"Her mother recorded the most famous cover of it, hence the song might remind her of her mother, thus making her emotional",,,,
AAAS1E4_Q5,Agatha All Along,1,4,"Teen says ""I wish we could go home"". Which other famous show is this line inspired by?",Wizard of Oz,,Y,,
AAAS1E4_Q6,Agatha All Along,1,4,Has Rio been on the Witches Road before the Series' events?,"Most likely not, as Rio's reaction to her surroundings was as if she is seeing the road for the first time. However, this could be performative as she knows the other 3 witches are listening to her.",,,,Y
AAAS1E4_Q7,Agatha All Along,1,4,"Why does Lilia have outbursts of an innocent but out-of-context dialogue, followed bya  dire warning at several times in the show?","Lilia is a divination witch, which could make her kind of unstuck in time, like Desmond in Lost, or Billy Pilgrim in Slaughterhouse 5",,Y,,Y
AAAS1E4_Q8,Agatha All Along,1,4,"Ep 4
Rio: I'm feeling like I want to cause some damage
Agatha: You are too early 
Why did Agatha say this?","Agatha probably always intended on Rio crashing this journey, sh just wanted to stall her arrival. Evidence of Agatha being not surprised by Sharon's death supports this. Also, after the invocation, she might have expected a green witch other than Rio, and hence was surprised at her early arrival",,,,Y
AAAS1E4_Q9,Agatha All Along,1,4,"When the player was sent in reverse, the song that played was very creepy. What inspired this piece of plot? ",Urban legend of Rock Bands hiding demonic/satanic messages which is apparently revealed when the song is played in reverse.,,Y,,
AAAS1E4_Q10,Agatha All Along,1,4,Camera zooms in on Alice's face through the hole. What is the show being referenced here?,Lewis Carrol Alice's Adventures in Wonderland,,Y,,
AAAS1E4_Q11,Agatha All Along,1,4,Why did Lorna Wu popularize the Witches' Ballad Song?,"Lorna Wu sold 40 million copies of the Ballad of the Witches' Road song. It is so popular that someone somewhere on Earth is always singing this song. Since this is a protection spell for her daugher Alice, it ensures that Alice is protected from the generational curse all the time.",,,,
AAAS1E5_Q1,Agatha All Along,1,5,"In Ep 5, what German word does Teen use to describe the witch's broom spell, and what is its translation?","Teen uses the term ""Hexenbesen"", which is German for ""witch's broom"".",,Y,,
AAAS1E5_Q2,Agatha All Along,1,5,"In Ep 5, what Latin incantation do the witches recite when passing broomsticks to each other, and what does it translate to?","They recite ""Pro te dilecta aperio viam"", which translates to ""For you, beloved, I open the way"" (derived from diligo, meaning to love or esteem).",,Y,,
AAAS1E5_Q3,Agatha All Along,1,5,"In Ep 5, how are the flying broomstick silhouettes against the blood moon framed, and which classic film does this shot pay tribute to?",The shots of the witches flying on broomsticks across the blood moon directly recreate the iconic moon-crossing silhouettes from Steven Spielberg's E.T. the Extra-Terrestrial.,,Y,,
AAAS1E5_Q4,Agatha All Along,1,5,"In Ep 5, what subtle audio detail can be heard buried in the musical mix when Agatha looks over at Rio while flying on the broomstick?","A distinct, distorted scream of a child is buried in the audio mix, representing the haunting memory/scream of her sacrificed son Nicholas Scratch.",,,,Y
AAAS1E5_Q5,Agatha All Along,1,5,"In Ep 5, what clothing detail on Teen's 80s cabin outfit nods to Wiccan's comic book costume design?","Teen wears a red-sleeved athletic shirt paired with a blue headband, matching the color scheme of Wiccan's original comic book look (and Billy's Halloween costume in WandaVision Ep 6).",Y,,WandaVision,
AAAS1E5_Q6,Agatha All Along,1,5,"When combining Lilia's out-of-context outbursts from Ep 3 (""try to save Agatha"") and Ep 4 (""Alice don't""), what complete warning message is revealed?","When put together chronologically, the warning reads: ""Alice, don't try to save Agatha."" This foresaw that saving Agatha from Evanora's ghost would cause Agatha to absorb Alice's life force/magic and kill her.",,,,
AAAS1E5_Q7,Agatha All Along,1,5,"In Ep 5, what age rating is printed on the back of the Ouija board directions, and why is this number significant?","The Ouija board states ""Ages 3 and up"" (instead of the standard 8+). This references both the Triple Goddess motif (Maiden, Mother, Crone) and the age Nicholas Scratch was when he died/was sacrificed (as revealed by his voice crying ""Mama stop"").",,Y,,Y
AAAS1E5_Q8,Agatha All Along,1,5,"In Ep 5, when Lilia shouts ""Knight of Wands!"" during the ghost attack, what does this tarot card represent?","The Knight of Wands tarot card represents decisive action, determination, and fire energy.",,Y,,
AAAS1E5_Q9,Agatha All Along,1,5,"In Ep 5, how does Agatha realize that Teen is NOT her son Nicholas Scratch?","Agatha hears the Ouija board spell out ""Nicholas Scratch"" while Teen is present, proving Teen cannot be Nicholas, which leads her to realize Teen is connected to Wanda Maximoff instead.",,,,
AAAS1E5_Q10,Agatha All Along,1,5,"In Ep 5, what famous soundtrack theme plays when Agatha flicks Teen's chin and says ""You're so much like your mother""?","The iconic end-credits theme music from WandaVision (composed by Christophe Beck) plays, confirming Teen's magical lineage and connection to Wanda Maximoff / The Scarlet Witch.",,Y,WandaVision,
AAAS1E5_Q11,Agatha All Along,1,5,"What design inspirations were used to forge Teen's blue crown, as revealed by costume designer Daniel Selon?","The crown was inspired by the concentric pattern lines in Damascus steel and ripples on the surface of water, finished with a blue chrome ombre paint treatment.",,Y,,
AAAS1E5_Q12,Agatha All Along,1,5,"In Ep 5, which tarot card depicted in the show's promotional art features a blue crown atop a struck tower, foreshadowing Teen's transformation?",The Tower tarot card features a blue crown at the top being struck by lightning as witches fall to their deaths.,,Y,,
AAAS1E6_Q1,Agatha All Along,1,6,"In Ep 6, what specific passage from the Torah does William Kaplan read during his Bar Mitzvah?","William reads Leviticus 10:1–10:2, which tells the story of Nadav and Avihu (sons of Aaron) who were burned to death by God for offering ""strange fire"" (unauthorized incense fire).",,Y,,
AAAS1E6_Q2,Agatha All Along,1,6,"In Ep 6, when William sits down for his fortune reading at his Bar Mitzvah, which two inverted tarot cards are displayed on the tapestries behind him, and what do they signify?","The tapestries display The Tower reversed (averting disaster, resisting change, or delaying the inevitable) and The Wheel of Fortune inverted (bad luck, unwelcome changes, and lack of control).",,Y,,
AAAS1E6_Q3,Agatha All Along,1,6,"Who created the sigil on William Kaplan, how was it created, and what was its actual purpose?",Lilia Calderu drew the sigil on a small wooden rune and slipped it into William Kaplan's coat pocket during his Bar Mitzvah. It protected the boy's identity from detection by witches like Agatha or Wanda.,,,,
AAAS1E6_Q4,Agatha All Along,1,6,"In Ep 6, what time did the Westview anomaly begin collapsing, and what exact dialogue played over the radio as the Kaplans drove home?","The anomaly collapsed at precisely 5:02 PM. The radio played audio of Wanda and Vision from WandaVision Ep 1 (""My wife and her flying saucers... My husband and his indestructible head"").",,,WandaVision,
AAAS1E6_Q5,Agatha All Along,1,6,How did Billy Maximoff's soul end up inside William Kaplan's body during the car crash in Eastview?,"As the Westview hex collapsed and Billy Maximoff was vanishing, William Kaplan died from the car crash in Eastview at the exact same moment. Billy Maximoff's soul then reincarnated into William's empty body.",,,WandaVision,
AAAS1E6_Q6,Agatha All Along,1,6,"In Ep 6, which former MCU character was revealed to be the police officer who responded to William Kaplan's car crash?",Alice Wu-Gulliver was the Eastview police officer who responded to the crash before she left the force to become a mall security guard.,,,,
AAAS1E6_Q7,Agatha All Along,1,6,"In Ep 6, what protective superstitious trinkets is Ralph Bohner wearing under his coat when he meets Billy in the parking garage?","Ralph wears animal bones forming a cross on his bucket hat (sangoma healing style), an evil eye charm, a chicken foot, a baby alligator skull, and a ""To Be or Not To Be"" bumblebee t-shirt.",,Y,WandaVision,
AAAS1E6_Q8,Agatha All Along,1,6,"In Ep 6, what major crime from WandaVision did Ralph Bohner confess to during his meeting with Billy in the garage?","Ralph Bohner confessed that Agatha made him take Monica Rambeau hostage in his attic and forced him to poison Wanda's dog, Sparky.",,,WandaVision,
AAAS1E6_Q9,Agatha All Along,1,6,What demon symbol from real-world occult lore is pinned to Billy's bedroom wall alongside his sigil notes in Ep 6?,The symbol for Paimon (one of the kings of Hell featured in real-world occult texts like The Lesser Key of Solomon and famously used in the film Hereditary) is pinned to his wall.,,Y,,
AAAS1E6_Q10,Agatha All Along,1,6,What famous 1972 historical event involving country music legend Dolly Parton was discovered on Bruhapedia during Billy's research on Agatha?,"Billy finds a 1972 surveillance photo of Dolly Parton slapping Agatha Harkness over allegations that Agatha was the real ""Jolene"" who tried to steal Dolly's husband.",,Y,,
AAAS1E6_Q11,Agatha All Along,1,6,"In Ep 6, what specific Latin phrase does Billy read in his spellbook to release Agatha from Wanda's spell, and what does it translate to?","Billy reads ""Dia me ex hoc carmine"", which translates to ""Release her from this spell / cursed woman"".",,Y,,
AAAS1E6_Q12,Agatha All Along,1,6,What comic book / WandaVision concept is referenced when Agatha and Billy discuss his existence inside William Kaplan's body in Ep 6?,"They reference the Ship of Theseus paradox (previously discussed by Vision in WandaVision Ep 9), questioning whether Billy is still William Kaplan if his original soul was replaced by Billy's soul in the same physical body.",,Y,WandaVision,
AAAS1E7_Q1,Agatha All Along,1,7,"In Ep 7, what is the meaning behind the episode title ""Death's Hand in Mine"", and where do those lyrics originate?","The title originates from the second verse of ""The Ballad of the Witches' Road"". It references Rio Vidal being Mistress Death—the ex-lover whose hand Agatha has held all along.",,Y,,
AAAS1E7_Q2,Agatha All Along,1,7,"In Ep 7, what subtle costume detail is stitched onto the back shoulder of Billy's sweater?","The Scarlet Witch's tiara/crown is stitched onto the upper right shoulder blade region of Billy's sweater, designed by costume designer Daniel Selon.",,Y,WandaVision,
AAAS1E7_Q3,Agatha All Along,1,7,"In Ep 7, which classic pop culture witch costumes are Agatha and Billy transformed into upon entering the castle trial?","Agatha is dressed as the Wicked Witch of the West (Margaret Hamilton from 1939's The Wizard of Oz), while Billy is dressed as Maleficent (from Disney's Sleeping Beauty).",,Y,,
AAAS1E7_Q4,Agatha All Along,1,7,"In Ep 7, what stage of the moon is displayed on the castle drawbridge, and what does it represent in the coven's trial progression?","The drawbridge displays a waxing gibbous moon (representing refinement, preparation, and coming to fruition). Each trial corresponds to a moon phase: Ep 3 (Full Moon), Ep 4 (Waxing Crescent), Ep 5 (Blood Moon), and Ep 7 (Waxing Gibbous).",,Y,,
AAAS1E7_Q5,Agatha All Along,1,7,What famous historical ancient metaphor is referenced by the swords hanging above the table in the castle trial?,"They reference the Sword of Damocles, symbolizing that with great power comes great fear and constant peril.",,Y,,
AAAS1E7_Q6,Agatha All Along,1,7,"In Ep 7, how is time travel/unstuck mind portrayed for Lilia Calderu, and which classic sci-fi/pop culture works inspired this narrative structure?","Lilia's consciousness experiences time non-linearly (unstuck mind), jumping across different points in her past and future. This structure was inspired by Desmond Hume in Lost (""The Constant""), Slaughterhouse-Five (Billy Pilgrim), and the ""Bent Neck Lady"" twist in The Haunting of Hill House.",,Y,,
AAAS1E7_Q7,Agatha All Along,1,7,"What real-world 1972 philosophical lecture on time is quoted in Ep 7 when Lilia tells Jen ""The flow of time is an illusion""?","Lilia references Alan Watts's 1972 lecture on time, explaining that human perception of time as linear is an illusion and that all moments exist simultaneously.",,Y,Loki,
AAAS1E7_Q8,Agatha All Along,1,7,"In Ep 7, what real-world historical tragedy caused young Lilia to lose faith in her divination powers?","As a young girl in 17th-century Sicily, Lilia foresaw a deadly fever (the Great Italian Plague / Bubonic Plague) coming to wipe out her coven and felt powerless to stop it.",,Y,,
AAAS1E7_Q9,Agatha All Along,1,7,"In Ep 7, what complete ""Safe Passage"" Tarot Spread does Lilia lay out for the coven, and which card represents each member/element?","The Safe Passage spread: The Traveler (Queen of Cups / Lilia), What's Missing (Three of Pentacles / Coven), The Path Behind (Knight of Wands / Alice), The Path Ahead (High Priestess / Jen), Obstacles (Three of Swords / Agatha), Windfall (The Tower Reversed / Billy), Destination (Death / Rio).",,Y,,
AAAS1E7_Q10,Agatha All Along,1,7,"In Ep 7, how is Rio Vidal's true form revealed when she meets Lilia at the Destination card, and how does her appearance homage comic/MCU lore?","Rio appears as Mistress Death holding a dagger in one hand and a black heart in the other. Half her face is a skeletal skull wearing a green crown, matching the Mistress Death statue in Thor: Love and Thunder.",Y,Y,,
AAAS1E7_Q11,Agatha All Along,1,7,"How does Lilia defeat the Salem 7 in Ep 7, and what happens to her afterward?","Lilia flips The Tower card upright, causing the castle ceiling/room to invert gravity. The Salem 7 fall onto the falling swords. Lilia then intentionally lets go of the table, falling/ascending peacefully to meet her destiny.",,,,
AAAS1E7_Q12,Agatha All Along,1,7,"What famous 1970s song plays over the closing credits of Ep 7, and which previous Marvel film famously featured it?","Jim Croce's ""Time in a Bottle"" plays over the credits. It famously featured in X-Men: Days of Future Past during Quicksilver's (Evan Peters) Pentagon kitchen slow-motion scene.",,Y,,
AAAS1E8_Q1,Agatha All Along,1,8,"In Ep 8, how does Rio Vidal (Mistress Death) make her departure from the Witches' Road set, and why is it visually significant?","Rio slices a literal cut into the physical backdrop canvas of the set with her dagger and steps through it, exposing that the Witches' Road is a practical, dollhouse-like backdrop created by Billy Maximoff's powers.",,Y,,
AAAS1E8_Q2,Agatha All Along,1,8,"In Ep 8, what was the real story behind Jennifer Kale's binding spell, and who bound her in the 1920s?",Jennifer Kale was a 1920s midwife who provided better reproductive/healthcare to women; Boston obstetricians paid Agatha Harkness in banknotes to place a binding spell on Jen to silence her.,,Y,,
AAAS1E8_Q3,Agatha All Along,1,8,"In Ep 8, how does Billy Maximoff locate and save his brother Tommy's soul?","Guided by Agatha through meditation, Billy channels his Scarlet Witch grief/love magic to locate an empty vessel—a boy being bullied and drowned in a summer camp lake—and places Tommy's soul into his body.",,,,
AAAS1E8_Q4,Agatha All Along,1,8,"In Ep 8, how does Agatha complete the final trial in her basement morgue, and what symbol grows from it?","Agatha waters a dandelion seed hidden inside her brooch using her own tear without casting any spell, growing a dandelion out of the basement floor (symbolizing creating life out of grief without magic).",,,,
AAAS1E8_Q5,Agatha All Along,1,8,"In Ep 8, what comic-accurate details are incorporated into Billy Maximoff's Wiccan suit designed by Daniel Selon?","His Wiccan suit combines a patchwork of elements: the Scarlet Witch's crown pattern 3D-printed on the outer cape, Vision's graphic cape pattern on the underside, a mindstone/crown icon, and knee patches matching his regular jeans.",Y,Y,WandaVision,
AAAS1E8_Q6,Agatha All Along,1,8,"In Ep 8, how does Agatha sacrifice herself during the final battle against Mistress Death?","Agatha stops Death from taking Billy Maximoff by kissing Rio Vidal, giving herself the ""kiss of death"" to surrender her life and protect Billy.",,,,
AAAS1E8_Q7,Agatha All Along,1,8,"In Ep 8, how is the twist revealed that the Witches' Road was created entirely by Billy Maximoff?","Billy looks around his bedroom in Eastview and realizes every trial location, decor item, board game, and theme on the Road was inspired by posters, figurines, and objects in his room and Bar Mitzvah (like The Usual Suspects / The Sixth Sense).",,Y,,
AAAS1E9_Q1,Agatha All Along,1,9,"In Ep 9, what deal did Agatha Harkness make with Mistress Death when her son Nicholas Scratch was born in 1750?","Nicholas Scratch was born sick/on borrowed time; Death granted Agatha extra time to raise her son, but without specifying how much time he would be given.",,,,
AAAS1E9_Q2,Agatha All Along,1,9,"In Ep 9, what was the original origin and purpose of ""The Ballad of the Witches' Road""?","The Ballad was originally a sweet, innocent walking song co-composed by 6-year-old Nicholas Scratch and Agatha in 1756. After Nicholas died, Agatha turned it into a deceptive lure to trick covens and drain their magic.",,,,
AAAS1E9_Q3,Agatha All Along,1,9,"In Ep 9, how did Nicholas Scratch die, and what item did Agatha keep in his memory?",Nicholas Scratch died of his illness down by the creek while Rio (Death) gently led his soul across a footbridge. Agatha preserved a lock of his hair in her mother's brooch along with a dandelion seed.,,,,
AAAS1E9_Q4,Agatha All Along,1,9,"In Ep 9, why does Agatha return as a ghost instead of passing on to the afterlife?",Agatha refuses to pass on because she is terrified to face her son Nicholas in the afterlife after spending centuries misusing their special song to murder witches.,Y,,,
AAAS1E9_Q5,Agatha All Along,1,9,"In Ep 9, how does Agatha's ghost form evolve when she attaches the brooch to her chest, and what role does she take for Billy?","By confronting her grief, Agatha attaches her brooch and evolves into an illuminated white ghost (representing the Spirit Witch / Gandalf the White archetype), becoming Billy Maximoff's guide to go find Tommy.",,Y,,
WVS1E1_Q1,WandaVision,1,1,"In Ep 1, what is the comic book significance of the license plate ""0102"" on Wanda and Vision's car?","In computer binary code, ""0102"" translates to an ""abnormal end"", foreshadowing the unnatural collapse of Wanda's sitcom hex.",,Y,,
WVS1E1_Q2,WandaVision,1,1,"In Ep 1, what MCU Earth designation is homaged by Wanda and Vision's house street number ""2800""?","It references Earth-2800, which is the official Earth multiverse designation for the main Marvel Cinematic Universe.",Y,,,
WVS1E1_Q3,WandaVision,1,1,"In Ep 1, what sound effect does the ToastMate 2000 commercial make, and what trauma from Wanda's past does it reference?","The Stark Industries toaster makes the sound of Iron Man's repulsor charging up, and its blinking red light/beeping references the unexploded Stark Industries bomb that killed Wanda's parents in Sokovia.",,Y,,
WVS1E1_Q4,WandaVision,1,1,"In Ep 1, why is calling Vision a ""toaster"" in the commercial a deep comic book nod?","In Tom King's Vision comic run (Vision #7), ""toaster"" was a derogatory human slur used against Vision, and Wanda affectionately calls him a toaster.",Y,,,
WVS1E1_Q5,WandaVision,1,1,"In Ep 1, what classic Avengers comic issue number is referenced by the special date ""August 23"" on the calendar?","August 23 can be read as 23/8, referencing Avengers #238, a famous comic storyline where Vision was incapacitated and tried to reactivate himself.",Y,,,
WVS1E1_Q6,WandaVision,1,1,"In Ep 1, what subtle comic book clue links Kathryn Hahn's character ""Agnes"" to the Marvel witch Agatha Harkness?","Agnes is a contraction of ""AGatha HNESt"", and she wears a central cameo brooch, matching the iconic brooch worn by Agatha Harkness in Scarlet Witch comics.",Y,,,
WVS1E1_Q7,WandaVision,1,1,"In Ep 1, what subtle irony is present when Wanda states Vision has an ""indestructible head""?","It is a tragic irony referencing Infinity War, where Thanos crushed Vision's head to extract the Mind Stone.",,Y,,
WVS1E1_Q8,WandaVision,1,1,"In Ep 1, what secret intelligence agency symbol appears on the notebook at the very end of the episode?",The S.W.O.R.D. (Sentient Weapon Observation Response Division) logo appears on the monitor and notebook watching Wanda's broadcast.,,,,
WVS1E2_Q1,WandaVision,1,2,"In Ep 2, the animated opening sequence reveals a creepy Easter egg hidden in the floorboards under Vision and Wanda's house. What is it?","The animation parodies a Simpsons crawl space gag, revealing bones and a four-pronged helmet resembling the Marvel villain the Grim Reaper (who has ties to Vision in the comics regarding transferred consciousness).",Y,Y,,
WVS1E2_Q2,WandaVision,1,2,"In Ep 2, what song plays through the radio static as a plea for Wanda's help?","The Beach Boys' ""Help Me, Rhonda"", functioning as a cry to ""Help me, Wanda"".",,Y,,
WVS1E2_Q3,WandaVision,1,2,"In Ep 2, how do Wanda and Vision disguise their powers during the talent show, and what comic lore is this nodding to?","They perform under the stage names ""Illusion and Glamour"". In the 1980s Vision and Scarlet Witch comics, Illusion and Glamour were the stage names of the Zarkovs (magic-users who lived near them in Leonia, New Jersey).",Y,,,
WVS1E2_Q4,WandaVision,1,2,What dark location from Wanda's past is hidden on the dining room wall art in Ep 2?,The art shows a fortress representing the Hydra lab base in Sokovia where Wanda and her brother Pietro were experimented on in Avengers: Age of Ultron.,,Y,,
WVS1E2_Q5,WandaVision,1,2,"In Ep 2, what does Agnes reveal her rabbit Senor Scratchy played in last year's Christmas pageant, and why is this symbolically creepy?","She says he played Baby Jesus. It is sacrilegious/creepy because ""Mr. Scratch"" or ""Old Scratch"" are classic nicknames for the Devil (hinting at Mephisto or dark magic origins).",Y,Y,,
WVS1E2_Q6,WandaVision,1,2,"What date does Agnes explicitly state is her wedding anniversary to Ralph, and what dark history does this connect to?","Agnes states their anniversary is June 2nd, which is the exact date the Salem Witch Trials began in 1692.",,Y,,
WVS1E2_Q7,WandaVision,1,2,"In Ep 2, what specific MCU organization logo is on the side of the red and yellow toy helicopter Wanda finds in her bushes?",It features the S.W.O.R.D. logo.,,,,
WVS1E2_Q8,WandaVision,1,2,"In Ep 2, who is the voice pleading ""Who's doing this to you, Wanda?"" over the radio?","The voice belongs to Jimmy Woo, the FBI agent working with S.W.O.R.D.",,,,
WVS1E2_Q9,WandaVision,1,2,"In Ep 2, what brand of luxury watch is featured in the commercial, and what specific MCU element is engraved on it?","The watch brand is ""Strucker"" (referencing Baron von Strucker from Hydra) and the face of the watch has the word ""HYDRA"" and the Hydra tentacle logo engraved on it.",,Y,,
WVS1E2_Q10,WandaVision,1,2,"In Ep 2, what visual motif appears at the end of the episode to ""wipe"" the scene away and appears repeatedly in the set design?","A hexagonal / honeycomb wipe transitions the scene (tying into the recurring hexagon ""hex"" shape motif of Wanda's bubble).",,,,
WVS1E3_Q1,WandaVision,1,3,"In Ep 3, the sitcom opening credits mimic which two 1970s television comedies?","The 3x3 square grid mimics The Brady Bunch, while the bike-riding intro and theme music closely mimic The Partridge Family.",,Y,,
WVS1E3_Q2,WandaVision,1,3,"In Ep 3, what movie is listed on the theater marquee behind Vision in the opening titles, and what makes it suspicious?","The marquee reads ""Oz the Great and Powerful"" (a 2013 movie directed by Sam Raimi) which shouldn't exist in a 1970s-themed sitcom reality.",,Y,,
WVS1E3_Q3,WandaVision,1,3,"In Ep 3, what are the names of Wanda and Vision's newborn twin babies, and who do they grow up to be in the Marvel comics?","Their babies are named Billy and Tommy. In the comics, they grow up to be the Young Avengers Wiccan (Billy Kaplan) and Speed (Tommy Shepherd).",Y,,,
WVS1E3_Q4,WandaVision,1,3,"In Ep 3, when Dr. Nielson talks about his cancelled vacation to Bermuda, what thematic MCU connection might this imply?","Bermuda references the Bermuda Triangle (the Devil's Triangle), paralleling Westview as a similar mysterious geographical trap where people/vehicles (like the S.W.O.R.D. drone) mysteriously disappear into a ""Bermuda Hexagon"".",,Y,,Y
WVS1E3_Q5,WandaVision,1,3,"In Ep 3, Vision recites the famous monologue ""All the world's a stage, and all the men and women merely players."" Where is this from?","It is the ""Seven Ages of Man"" monologue from William Shakespeare's play As You Like It.",,Y,,
WVS1E3_Q6,WandaVision,1,3,"In Ep 3, what classic Marvel TV show is subtly referenced by the commercial for Hydra Soak soap?","It references Marvel's Agents of S.H.I.E.L.D., specifically Season 4 where Phil Coulson lived in a simulated reality called ""The Framework"" and ranted about Hydra using blue mind-control soap to implant false memories.",,Y,,
WVS1E3_Q7,WandaVision,1,3,"In Ep 3, when Wanda realizes Geraldine is an outsider, she expels her. How is the visual representation of this ""breaking the fourth wall"" executed?","Wanda blasts Monica/Geraldine backward through four distinct walls in succession: the living room wall, the nursery wall, the backyard fence, and finally the Westview hex barrier itself.",,,,
WVS1E3_Q8,WandaVision,1,3,"What dark, unresolved trauma does Wanda accidentally bring up when speaking to Geraldine in Ep 3?",Wanda mentions that she had a twin brother named Pietro (Quicksilver) who was killed by Ultron in Sokovia (Avengers: Age of Ultron).,,,,
WVS1E4_Q1,WandaVision,1,4,"In Ep 4, during the opening scene of Monica Rambeau re-materializing, what voice audio from a previous MCU movie can be heard in the background?","Audio from Captain Marvel (2019) plays, specifically Carol Danvers calling young Monica ""Lieutenant Trouble"".",,,,
WVS1E4_Q2,WandaVision,1,4,"In Ep 4, how is the visual effect of the ""Blip return"" subtly different for Monica compared to the dusting effect seen in Infinity War?","Instead of gray, desaturated ash flying away, Monica reforms from colorful, non-desaturated fleshy particles—mirroring Joe Quesada's art of Wanda's reality-altering powers in the House of M comics.",Y,,,
WVS1E4_Q3,WandaVision,1,4,"What superhero alter ego does Monica Rambeau adopt in the Marvel comics, which is subtly hinted at by a news channel name in the S.W.O.R.D. lobby?","Her superhero alias is ""Spectrum,"" which is foreshadowed by the ""Spectrum News"" broadcast playing in the S.W.O.R.D. lobby.",Y,,,
WVS1E4_Q4,WandaVision,1,4,"In Ep 4, what kind of cosmic radiation does Darcy Lewis identify emanating from the Westview anomaly?","Darcy identifies CMBR (Cosmic Microwave Background Radiation), which is relic radiation dating back to the Big Bang (and the same type of radiation emitted by Infinity Stones).",,Y,,
WVS1E4_Q5,WandaVision,1,4,"In Ep 4, on Jimmy Woo's suspect whiteboard, which alien race is listed under ""Possible Perpetrators"" for the anomaly?","The Skrulls are written on the board, confirming the FBI is aware of Skrulls operating on Earth post-Captain Marvel/Spider-Man: Far From Home.",,,,
WVS1E4_Q6,WandaVision,1,4,"In Ep 4, whose physical identity does S.W.O.R.D. fail to match to a real-world New Jersey ID on their investigation board?","Agnes (Kathryn Hahn's character) has no real-world New Jersey ID matched to her face, heavily suggesting she is not a normal kidnapped civilian.",,,,
WVS1E4_Q7,WandaVision,1,4,"In Ep 4, when Wanda turns around to look at Vision after expelling Monica, what horrifying image flashes on screen?","Wanda hallucinates Vision as a gray, dead corpse with a massive caved-in hole in his forehead, exactly how he looked after Thanos killed him in Avengers: Infinity War.",,,,
WVS1E4_Q8,WandaVision,1,4,"In Ep 4, what song plays during the closing credits, and what thematic relevance does it have?","Jimi Hendrix's ""Voodoo Child"" plays, which thematically references the chaos magic, witchcraft, and voodoo involved in Wanda's reality-warping hex.",,Y,,
WVS1E5_Q1,WandaVision,1,5,"In Ep 5, how does the ""Previously On"" segment subtly show that Wanda's hex is becoming unstable and breaking the fourth wall?","The dialogue of Wanda explaining Geraldine's departure shifts (""She's gone"" -> ""She had to rush home"" -> ""She didn't belong here""), actively rewriting the past recap footage as if the hex is leaking into the Disney+ stream itself.",,,,
WVS1E5_Q2,WandaVision,1,5,"In Ep 5, what book does Vision mention reading to the babies, and what Marvel lore concept does it thematically parallel?","He reads Charles Darwin's The Descent of Man, a book about human evolution, which parallels the fear and arrival of Mutants (X-Men) replacing lesser-evolved humans in the Marvel universe.",Y,Y,,
WVS1E5_Q3,WandaVision,1,5,"In Ep 5, which 1980s sitcoms are directly homaged in the opening credits and set design?","The opening homages Family Ties (family portrait/set design), Growing Pains (progressing age photos/duet theme), and Full House (the park picnic run and the show that launched Elizabeth Olsen's sisters' careers).",,Y,,
WVS1E5_Q4,WandaVision,1,5,"In Ep 5, during Monica's briefing on Wanda's past, what is the significance of the year 1989?","1989 is listed as the year Wanda and Pietro were born in Sokovia, meaning they were 10 years old during the Stark bomb air raid.",,,Avengers: Age of Ultron,
WVS1E5_Q5,WandaVision,1,5,"In Ep 5, what dark origin does Sparky the dog have in the Marvel comics?","In Tom King's Vision comic series, Sparky was originally Zeke, a neighbor's dog who died digging up the Grim Reaper's corpse and was later resurrected/synthesized by Vision.",Y,,,
WVS1E5_Q6,WandaVision,1,5,"In Ep 5, what famous paper towel brand is spoofed in the commercial, and what trauma of Wanda's does it represent?","The commercial is for ""Lagos"" brand paper towels (""for when you make a mess you didn't mean to""). This references the tragic event in Captain America: Civil War when Wanda accidentally blew up a building in Lagos, Nigeria, killing innocent people.",,,Captain America: Civil War,
WVS1E5_Q7,WandaVision,1,5,"In Ep 5, why is the casting of Evan Peters as Pietro / Quicksilver a massive meta-twist?","Evan Peters played Quicksilver in the Fox X-Men movie franchise, not the MCU (where Aaron Taylor-Johnson played him). His arrival suggests a multiverse crossover or a malicious entity wearing the face of a different universe's Pietro to trick Wanda.",,Y,,
WVS1E5_Q8,WandaVision,1,5,"In Ep 5, look closely at the mirror behind Wanda when Pietro enters the door. What horrifying detail is hidden in the reflection?","The reflection is warped and shows a thin, gray, creepy arm/figure reaching out toward Pietro, hinting that a demonic entity (possibly Mephisto or Agatha) is pulling the strings behind his appearance.",,,,Y
WVS1E6_Q1,WandaVision,1,6,"In Ep 6, which early 2000s sitcom is directly homaged by the opening credits style and character direct-to-camera addresses?","The episode directly homages Malcolm in the Middle with its punk music, fast-cut graphics, and direct-to-camera kid tropes.",,Y,,
WVS1E6_Q2,WandaVision,1,6,"In Ep 6, what classic comic book looks do Wanda, Vision, Billy, and Tommy wear for Halloween?","They all wear exact, low-budget versions of their original Marvel Comics costumes: Wanda as a ""Sokovian fortune teller"" (Scarlet Witch), Vision as a Mexican wrestler (Vision), Billy as Wiccan, and Tommy as Speed.",Y,,,
WVS1E6_Q3,WandaVision,1,6,"In Ep 6, what subtle clue hints that Evan Peters' Pietro is a fake/imposter during his conversation with Billy and Tommy on the couch?","Pietro claims to be asleep by loudly snoring, but a split-focus shot reveals his eyes are actually wide open and he is actively listening to the boys suspecting he is a ""vampire"".",,,,
WVS1E6_Q4,WandaVision,1,6,"In Ep 6, what morbid Marvel entity is suggested to be manipulating Wanda through the disturbing ""Yo-Magic"" yogurt commercial?","The commercial depicts a starving boy on an island unable to open a Yo-Magic cup, eventually rotting into a skeleton. This implies a predator (like Mephisto) is feeding off Wanda's magic while she emotionally starves in the void.",Y,,,Y
WVS1E6_Q5,WandaVision,1,6,"In Ep 6, which two movies are playing at the Westview cinema, and why are they thematically significant?","The Incredibles (about a superhero family with similar powers) and The Parent Trap (about twins trying to trick their parents into staying together) are playing, reflecting the Maximoff family dynamic in the hex.",,Y,,
WVS1E6_Q6,WandaVision,1,6,"In Ep 6, how does Darcy Lewis explain the physical changes happening to Monica Rambeau's body after passing through the hex?","Darcy reveals that the hex's energy is rewriting Monica's cells on a molecular level, foreshadowing her eventual transformation into the super-powered hero Photon/Spectrum.",Y,,,
WVS1E6_Q7,WandaVision,1,6,"In Ep 6, what terrifying hallucination does Wanda have of Pietro when she looks at him during their conversation?","Just like she hallucinated Vision's dead corpse in Ep 4, Wanda briefly hallucinates Pietro as a gray corpse riddled with bullet holes (matching his death in Avengers: Age of Ultron).",,,Avengers: Age of Ultron,
WVS1E6_Q8,WandaVision,1,6,"In Ep 6, what is S.W.O.R.D. Director Hayward's secret ""Project Cataract"" tracking?",Project Cataract (a term for when a cloud forms on the eye that decays one's vision) is tracking the vibranium decay signature of Vision inside the hex.,,,,
WVS1E7_Q1,WandaVision,1,7,"In Ep 7, how does the delivery of Wanda's line ""Previously on WandaVision"" reflect her deteriorating mental state?","The delivery of the phrase becomes progressively less cheerful, less enthusiastic, and more exhausted compared to previous episodes, reflecting her worsening mental state as the illusion collapses.",,,,
WVS1E7_Q2,WandaVision,1,7,"In Ep 7, the opening credits and documentary-style confession cams homage which three modern sitcoms?","The opening sequence is a fusion of The Office (piano music), Happy Endings (rapidly shifting titles), and Modern Family (logo font, handheld camerawork, and confession cams).",,Y,,
WVS1E7_Q3,WandaVision,1,7,"In Ep 7, what famous Marvel creator's birthdate is hidden on the license plate during the opening credits?","The license plate reads ""122822"", which is a nod to Stan Lee's birthday (December 28, 1922).",,Y,,
WVS1E7_Q4,WandaVision,1,7,"In Ep 7, what drug commercial is featured, and what major Marvel cosmic concept does it directly reference regarding Wanda?","The commercial is for ""Nexus"" anti-depressants. This references Wanda Maximoff being a ""Nexus Being"" in Marvel lore—an entity with the power to alter timelines, realities, and probability.",Y,,,
WVS1E7_Q5,WandaVision,1,7,"In Ep 7, what terrifying insect does Wanda see on Agnes's curtains right before discovering the basement, and what movie does this nod to?","Wanda sees a cicada. This is a deliberate nod to The Silence of the Lambs (where Clarice sees a moth in Buffalo Bill's house), signaling she has entered the killer's lair.",,Y,,
WVS1E7_Q6,WandaVision,1,7,"In Ep 7, what ancient, glowing book is resting in Agnes's creepy basement dungeon?","The book is the Darkhold, the ancient Marvel Book of the Sins/Dead created by the demon Chthon, which contains dark magic and corrupted spells.",Y,,Agents of S.H.I.E.L.D.,
WVS1E7_Q7,WandaVision,1,7,"In Ep 7, what true identity is finally revealed during the musical montage at the end of the episode?","Agnes reveals herself to be the powerful witch Agatha Harkness, and that it was ""Agatha All Along"" manipulating events behind the scenes.",Y,,,
WVS1E7_Q8,WandaVision,1,7,"In Ep 7, during the ""Agatha All Along"" sequence, what secret regarding Sparky the dog is revealed?",Agatha happily admits that she was the one who purposefully killed Sparky the dog.,,,,
WVS1E8_Q1,WandaVision,1,8,"In Ep 8, what specific crime was Agatha Harkness put on trial for by her own coven in 1693 Salem?","Agatha was accused of betraying her coven by stealing forbidden knowledge ""above her age and station"" (implied to be from the Darkhold).",,,,
WVS1E8_Q2,WandaVision,1,8,"In Ep 8, what does Agatha's mother (Evanora Harkness) attempt to form around her head while executing Agatha, and why is it significant?","Evanora forms a blue magical crown/tiara. This signifies the crown of the dominant/supreme witch of the coven, which Agatha wants to claim from Wanda.",,,,
WVS1E8_Q3,WandaVision,1,8,"In Ep 8, how did the Stark Industries bomb from Wanda's childhood actually fail to detonate?","It didn't fail by chance; young Wanda instinctively used a probability hex (Chaos Magic) to stop the bomb from exploding, proving she was born with mutant-like magic before the Mind Stone.",Y,,,
WVS1E8_Q4,WandaVision,1,8,"In Ep 8, what specific Dick Van Dyke Show episode does Wanda choose to watch during the Stark bombing flashback?","She watches ""It May Look Like a Walnut"", a famous episode that blends sitcom comedy with a scary, Twilight Zone-style sci-fi plot about aliens (paralleling Westview's genre-bending reality).",,Y,,
WVS1E8_Q5,WandaVision,1,8,"In Ep 8, what figure does Wanda see inside the yellow radiation glow of the Mind Stone during her Hydra experimentation?","Wanda sees the silhouette of her future self—or an alternate reality version—fully dressed as the Scarlet Witch, wearing the iconic comic-accurate crown.",Y,,,
WVS1E8_Q6,WandaVision,1,8,"In Ep 8, what heartbreaking definition of ""grief"" does Vision offer Wanda in their Avengers compound flashback?","Vision tells her, ""What is grief, if not love persevering?""",,,,
WVS1E8_Q7,WandaVision,1,8,"In Ep 8, what S.W.O.R.D. project is Director Hayward secretly working on with Vision's dismantled body?","He is using Project Cataract to reconstruct and reboot Vision as a soulless, emotionless sentient weapon known as ""White Vision"" (matching the Vision Quest comics storyline).",Y,,,
WVS1E8_Q8,WandaVision,1,8,"In Ep 8, what two major comic book terms/titles does Agatha formally use to address Wanda for the very first time in the MCU?","Agatha finally names her power ""Chaos Magic"" and bestows Wanda her official superhero title, the ""Scarlet Witch"".",Y,,,
WVS1E9_Q1,WandaVision,1,9,"In Ep 9, how does White Vision's combat style evolve during his fight with Vision?","White Vision learns from his opponent; initially thrown off by Vision phasing through him, White Vision learns to use the same phase-shifting tactic against Vision during their fight in the library.",,,,
WVS1E9_Q2,WandaVision,1,9,"In Ep 9, how does Agatha Harkness confirm the identity of her glowing book, and what is its comic book origin?","She explicitly names it the Darkhold, the ""Book of the Damned."" In the comics, it is an ancient collection of corrupt spells created by Chthon (the demon lord who originally cursed baby Wanda with chaos magic).",Y,,Agents of S.H.I.E.L.D.,
WVS1E9_Q3,WandaVision,1,9,"In Ep 9, what real historical tragedy is tied to ""Dottie's"" true identity as Sarah Proctor?","Dottie is revealed to be Sarah Proctor, named after the real-world daughter of John Proctor (who was famously hanged) during the 1692 Salem Witch Trials.",,Y,,
WVS1E9_Q4,WandaVision,1,9,"In Ep 9, what mundane clues finally reveal the true identity of Evan Peters' ""Pietro""?","Monica Rambeau finds his water bill and a headshot, proving he is just a broke, aspiring actor named Ralph Bohner whose house Agatha took over.",,,,
WVS1E9_Q5,WandaVision,1,9,"In Ep 9, how does Vision successfully defeat S.W.O.R.D.'s White Vision without physical combat?","Vision uses logic/philosophy, posing the ""Ship of Theseus"" paradox to White Vision to prove that neither of them are the true Vision, but both possess elements of his true identity (specifically his memories, which Vision restores).",,Y,,
WVS1E9_Q6,WandaVision,1,9,"In Ep 9, what physical evidence proves that the ""hex"" Vision was real, despite being made entirely of Wanda's magic?","Director Hayward's monitors successfully tracked Vision's vibranium decay signature inside the hex, proving Wanda actually created tangible vibranium and a real physical body using her Chaos Magic.",,,,
WVS1E9_Q7,WandaVision,1,9,"In Ep 9, what subtle detail changes on Wanda's hand as the final walls of the Westview hex collapse?","As the hex recedes over her body, the magical engagement and wedding rings disappear from her left hand, symbolizing the end of her manufactured marriage.",,,,
WVS1E9_Q8,WandaVision,1,9,"In Ep 9, what MCU theme song plays over the post-credits scene of Wanda reading the Darkhold, and what does it foreshadow?","Michael Giacchino's Doctor Strange theme plays, foreshadowing Wanda's powerful new magical status and her inevitable return in Doctor Strange in the Multiverse of Madness.",,Y,Doctor Strange,
LKS1E1_Q1,Loki,1,1,"In S1E1, what specific sound effect plays over the opening Marvel Studios logo to connect the scene back to Avengers: Endgame?",The 4-note chime from the Endgame musical score plays—specifically from the scene when Tony Stark snuck back into the tower.,,,Avengers: Endgame,
LKS1E1_Q2,Loki,1,1,"In S1E1, what subtle audio detail highlights Loki's initial reverence for the Tesseract, which fades once he learns the truth about Infinity Stones?","A full choral hum plays when he holds the Tesseract in the desert, representing his worship of it as a sacred item of power. This hum is noticeably absent when he later sees a drawer full of them used as paperweights.",,,,
LKS1E1_Q3,Loki,1,1,"In S1E1, Hunter B-15 tortures Loki using what sci-fi/technological concept?","She uses Time Dilation, hitting him at 1/16th speed so he feels the pain of the strike in real-time but stretched out 16 times longer.",,Y,,
LKS1E1_Q4,Loki,1,1,"In S1E1, the Miss Minutes orientation video references a ""multiversal war."" How does this rewrite known MCU history?","It establishes that the MCU originally existed as a vast multiverse of warring timelines before the Time-Keepers intervened to merge them all into a single ""Sacred Timeline.""",,,,
LKS1E1_Q5,Loki,1,1,"In S1E1, which real-world unsolved historical mystery is Loki revealed to be the culprit behind?","Loki is revealed to be D.B. Cooper, the infamous 1971 airplane hijacker who vanished with a bag of cash (due to losing a bet to Thor).",,Y,,
LKS1E1_Q6,Loki,1,1,"In S1E1, what specific term does Miss Minutes use to describe people who step off their destined path, referencing a concept from WandaVision?","She says it creates a ""Nexus Event"" (connecting to Wanda Maximoff's status as a ""Nexus Being"").",,,WandaVision,
LKS1E1_Q7,Loki,1,1,"In S1E1, what specific Marvel item from Casey's evidence drawer confirms that the TVA operates across the entire multiverse/timeline?","The drawer contains countless Infinity Stones (Time, Space, Reality, Power, Soul) from pruned branch timelines being casually used as paperweights.",,,,
LKS1E1_Q8,Loki,1,1,"In S1E1, what numerical designation is printed on the film strip reel depicting Loki's life, confirming his MCU continuity number?","The film strip reads ""ETH-616"" (Earth-616), which designates the main continuity of the Marvel Universe.",Y,,,
LKS1E2_Q1,Loki,1,2,"In S1E2, how does the show visually distinguish between the ""Sacred Timeline"" and a ""Branched Timeline""?","The on-screen lower-third text explicitly labels the location and year, followed by ""Sacred Timeline"" or ""Branched Timeline"" to clarify if the events are happening as dictated by the Time-Keepers or if it is an illegal deviation.",,,,
LKS1E2_Q2,Loki,1,2,"In S1E2, what specific philosophical paradox does the Miss Minutes orientation test use to explain timeline branching?","The test uses the Grandfather Paradox, applying it to Thanos eating apples and traveling back in time to eat them again.",,Y,,
LKS1E2_Q3,Loki,1,2,"In S1E2, how does Loki correct Mobius regarding his powers, outlining the difference between two specific types of magic?","Loki distinguishes between ""Illusion Projection"" (projecting a shape-shifted form over himself or an object) and ""Duplication Casting"" (creating independent, holographic doubles of himself to trick enemies).",,,,
LKS1E2_Q4,Loki,1,2,"In S1E2, what MCU locations are listed on the TVA monitors as locations where branch timelines were recently pruned?",Nidavellir (the star forge where Thor crafted Stormbreaker) and Sakaar (the trash planet from Thor: Ragnarok) tick past on the monitors.,,,Thor: Ragnarok,
LKS1E2_Q5,Loki,1,2,"In S1E2, what item sits in Judge Renslayer's office that hints at Mobius's forgotten past on Earth?","A pen from Franklin D. Roosevelt High School (FDR High) in Ohio sits on her desk, which she claims is from ""another analyst,"" hinting that Mobius's past memories were wiped.",,,,Y
LKS1E2_Q6,Loki,1,2,"In S1E2, what clever theory does Loki deduce about where the dangerous Variant is hiding to evade TVA detection?","Loki figures out the Variant is hiding inside historical apocalypses (like Ragnarok or Pompeii). Because everyone is destined to die anyway, any changes made right before the apocalypse won't create a branch timeline.",,,,
LKS1E2_Q7,Loki,1,2,"In S1E2, what specific apocalyptic event does the Variant use as a staging ground in 2050?","A Category 8 Hurricane hitting Haven Hills, Alabama, wiping out the corporate ""Roxxcart"" superstore (a nod to the evil Marvel corporation Roxxon Energy).",Y,,,
LKS1E2_Q8,Loki,1,2,"In S1E2, when the Variant finally reveals herself (Sylvie), what physical detail on her crown hints at her broken connection to her Loki identity?","One of the golden horns on her crown is snapped/broken off, reflecting her rejection of the ""Loki"" name and her fractured identity.",Y,,,
LKS1E3_Q1,Loki,1,3,"In S1E3, what massive, dark secret about the TVA's workforce does Sylvie reveal to Loki?","Sylvie reveals that the TVA agents (like Mobius and Hunter C-20) were not created by the Time-Keepers as they believe; they are all actually abducted, brainwashed Variants from Earth who had their memories wiped.",,,,
LKS1E3_Q2,Loki,1,3,"In S1E3, when Sylvie and Loki crash onto Lamentis-1 in 2077, what existing MCU lore does this planet tie into?","Lamentis is an outworld planet on the edge of Kree space from the ""Annihilation"" Marvel comics. The year 2077 places it roughly six decades after Thanos destroyed Xandar (off-screen in Infinity War).",Y,,Avengers: Infinity War,
LKS1E3_Q3,Loki,1,3,"In S1E3, what famous sci-fi movie is heavily referenced by the mining colony setting and the names of the guards (Private Hudson and Corporal Hicks)?","It is a direct reference to James Cameron's 1986 film ""Aliens"" (set on LV-426, featuring characters Hudson and Hicks).",,Y,,
LKS1E3_Q4,Loki,1,3,"In S1E3, during their conversation on the train, what major detail about Loki's sexual identity is explicitly confirmed in MCU canon?",Loki confirms that he is bisexual (stating he has had romantic interests with both princesses and princes).,,,,
LKS1E3_Q5,Loki,1,3,"In S1E3, when Loki gets drunk on the train and starts singing, what language is he singing in, and what is the cultural significance?","He is singing an Asgardian folk song (which translates to real-world Norwegian), and his drunken behavior mimics Thor's behavior in the first Thor film (smashing a glass and demanding ""Another!"").",,Y,Thor,
LKS1E3_Q6,Loki,1,3,"In S1E3, how does Loki poetically define love when talking to Sylvie?","He says, ""Love is a dagger. It's a weapon to be wielded far away or up close. You can see yourself in it. It's beautiful until it makes you bleed. But ultimately, when you reach for it... it isn't real.""",,,,
LKS1E3_Q7,Loki,1,3,"In S1E3, what impressive, continuous camera technique is used during the final escape sequence through the collapsing city of Shuroo?","The sequence is designed as a continuous ""long take"" (a faux one-shot, stitched together with hidden cuts) following Loki and Sylvie as meteors destroy the city around them.",,Y,,
LKS1E3_Q8,Loki,1,3,"In S1E3, what new, previously unseen magical ability does Loki demonstrate while fighting off the guards and reversing the falling tower?",Loki demonstrates powerful telekinesis—using magic to physically halt and reverse a collapsing building to save himself and Sylvie.,,,,
LKS1E4_Q1,Loki,1,4,"In S1E4, young Sylvie is seen playing with a toy dragon and wolf. What Asgardian lore do these toys reference?","The toys reference the Muspelheim dragon that Thor slayed in the opening of Thor: Ragnarok, and Fenris, Hela's giant wolf steed.",,,Thor: Ragnarok,
LKS1E4_Q2,Loki,1,4,"In S1E4, what is the comic book significance of the Hunter designation ""A-23"" assigned to the young Ravonna Renslayer?","It references Avengers #23 (1963), the comic issue that marked the debut of Princess Ravonna Renslayer and established her complex romantic relationship with the time-traveling villain Kang the Conqueror.",Y,,,
LKS1E4_Q3,Loki,1,4,"In S1E4, how does the connection between Loki and Sylvie on Lamentis-1 create a massive Nexus Event capable of surviving an apocalypse?","Their profound, narcissistic/romantic connection—two free, surviving Lokis falling for each other instead of killing each other—represents the ultimate threat to the Sacred Timeline's script, causing a massive, un-prunable branch.",,,,
LKS1E4_Q4,Loki,1,4,"In S1E4, what punishment is Loki subjected to in the ""Time Cell,"" and who makes a surprise cameo to deliver it?","Loki is trapped in a painfully looped ""bad memory"" prison where Lady Sif (Jaimie Alexander making a cameo) repeatedly beats him up and calls him a pathetic worm for cutting her hair.",,,Thor,
LKS1E4_Q5,Loki,1,4,"In S1E4, what three dangerous types of Variants does Mobius mention the TVA has brought in previously, expanding the scope of the MCU?","Mobius mentions bringing in ""Kree, Titans, and Vampires,"" referencing the Kree empire, Thanos's race (Titans), and officially confirming the existence of Vampires in the MCU (setting up Blade).",Y,,,
LKS1E4_Q6,Loki,1,4,"In S1E4, what shocking truth is revealed when Sylvie decapitates the central Time-Keeper?","The Time-Keepers are revealed to be fake, mindless, animatronic androids (like Chuck E. Cheese robots), proving the TVA's entire religion and origin story is a lie created by a ""man behind the curtain.""",,,,
LKS1E4_Q7,Loki,1,4,"In S1E4, what immediately happens to Loki after the Time-Keepers are exposed as fakes?","Right as Loki is about to confess his true feelings to Sylvie, Ravonna Renslayer prunes him from behind, seemingly killing him.",,,,
LKS1E4_Q8,Loki,1,4,"In S1E4, what major reveal happens during the mid-credits scene after Loki is pruned?","Loki wakes up in a ruined wasteland (The Void) and realizes he is not dead, only to be greeted by four other pruned Loki variants: Classic Loki, Boastful Loki, Kid Loki, and an Alligator Loki.",Y,,,
LKS1E5_Q1,Loki,1,5,"In S1E5, what infamous, massive vehicle belonging to the Mad Titan is seen rusted and pruned in the Void?","The ""Thanoscopter,"" a notoriously goofy toy-pushing vehicle from the Marvel comics used by Thanos, is seen pruned in the Void.",Y,,,
LKS1E5_Q2,Loki,1,5,"In S1E5, the camera pans through the dirt to reveal a buried MCU relic and a surprising animal variant trapped in a jar. What are they?","A buried Mjolnir is seen next to a jar containing ""Throg"" (a frog variant of Thor wearing a winged helmet), desperately trying to escape.",Y,,,
LKS1E5_Q3,Loki,1,5,"In S1E5, what specific comic book issue is referenced by the label ""T-365"" on Throg's jar?","It references Thor #365, the comic issue where Thor is turned into a frog by Loki.",Y,,,
LKS1E5_Q4,Loki,1,5,"In S1E5, what massive Ant-Man villain relic is seen strewn across the landscape of the Void?","A giant-sized, pruned version of Yellowjacket's helmet (from the first Ant-Man movie) sits in the wasteland.",,,Ant-Man,
LKS1E5_Q5,Loki,1,5,"In S1E5, what is the name of the giant, carnivorous smoke monster guarding the Void, and how does it connect to Ravonna Renslayer and Kang?","The entity is Alioth, a trans-temporal being from the comics whose empire rivals Kang the Conqueror's. In the comics, Ravonna Renslayer is also tied to the 1993 storyline involving Alioth and Kang.",Y,,,
LKS1E5_Q6,Loki,1,5,"In S1E5, what real-world, famous debunked conspiracy theory ship drops into the Void?","The USS Eldridge, the World War II-era ship allegedly involved in the ""Philadelphia Experiment"" (a conspiracy theory claiming the ship was made invisible and teleported), drops into the Void.",,Y,,
LKS1E5_Q7,Loki,1,5,"In S1E5, how does Classic Loki reveal he managed to survive the events of Avengers: Infinity War in his timeline?","Classic Loki cast an incredibly powerful, lifelike projection of himself so convincing that even Thanos believed he had choked him to death, allowing the real Loki to hide as inanimate debris and escape to a lonely planet.",,,Avengers: Infinity War,
LKS1E5_Q8,Loki,1,5,"In S1E5, what epic sacrifice does Classic Loki make to help Loki and Sylvie enchant Alioth?","He uses his supreme sorcery to cast a massive, city-sized illusion of Asgard to distract and bait Alioth, sacrificing himself as he is consumed by the monster while laughing with glee.",,,,
LKS1E6_Q1,Loki,1,6,"In S1E6, the opening Marvel Studios sequence features audio quotes spanning the history of the MCU. What specific baby sound is subtly hidden at the very end of this montage?",The cry of baby Loki (from the flashback in the first Thor movie when Odin finds him abandoned as a Frost Giant) can be heard as the timeline orbits the Citadel.,,,Thor,
LKS1E6_Q2,Loki,1,6,"In S1E6, the architectural design of the Citadel at the End of Time features a specific artistic style reflecting its fractured state. What is this style?","The Citadel features a ""Kintsugi"" design (the Japanese art of repairing broken pottery with gold), representing how He Who Remains pieced together fragments of the fractured multiverse to build his stronghold.",,Y,,
LKS1E6_Q3,Loki,1,6,"In S1E6, who is finally revealed to be the ""man behind the curtain"" who created the Time-Keepers and the TVA?","The creator is He Who Remains, who is explicitly confirmed to be a 31st-century variant of Kang the Conqueror (played by Jonathan Majors).",Y,,,
LKS1E6_Q4,Loki,1,6,"In S1E6, what true history of the multiverse does He Who Remains confirm to Loki and Sylvie?","He confirms that the Miss Minutes orientation video was mostly true: variants of himself in the 31st century discovered the multiverse, shared technology, and eventually sparked a catastrophic Multiversal War against each other.",,,,
LKS1E6_Q5,Loki,1,6,"In S1E6, what item sits on He Who Remains's desk, and what does it signify about his control over the situation?","He has printed, bound scripts of everything Loki and Sylvie have said and will say during their meeting, proving he has lived through this scenario countless times and knows exactly what is going to happen.",,,,
LKS1E6_Q6,Loki,1,6,"In S1E6, what major physical shift signals the moment He Who Remains can no longer see into the future?","A massive rumble of thunder shakes the Citadel, and the timeline outside the window suddenly branches into chaos, marking the moment they ""crossed the threshold"" past his knowledge.",,,,
LKS1E6_Q7,Loki,1,6,"In S1E6, what does Sylvie ultimately do to He Who Remains, and what are his final words to her?","Sylvie chooses to stab and kill He Who Remains. As he dies, he winks at her and says, ""See you soon,"" knowing his death will simply unleash his more dangerous variants.",,,,
LKS1E6_Q8,Loki,1,6,"In S1E6, when Loki is pushed back through a Time Door into the TVA, what horrifying realization does he make when looking at the statues?","He realizes he has been sent to an alternate/reset TVA where Mobius and B-15 have no memory of him, and the Time-Keeper statues have been replaced by a massive statue of Kang the Conqueror.",Y,,,
LKS2E1_Q1,Loki,2,1,"In S2E1, what terrifying physical condition is Loki suffering from as he jumps uncontrollably through time in the TVA?","Loki is suffering from ""Time-Slipping,"" a violent condition where his consciousness and body are being ripped backward and forward between the past and present TVA.",,,,
LKS2E1_Q2,Loki,2,1,"In S2E1, who is the author of the official TVA Guidebook that Casey carries, and what mythological concept is his name derived from?","The author is Ouroboros (O.B.). His name comes from the ancient mythological symbol of a snake eating its own tail, representing the cyclical nature of time and self-fulfilling prophecies.",,Y,,
LKS2E1_Q3,Loki,2,1,"In S2E1, what physical injury must Loki inflict upon himself to cure his time-slipping condition?","Loki must ""prune"" himself using a TVA Time Stick at the exact moment Mobius attaches the Temporal Aura Extractor to the Temporal Loom.",,,,
LKS2E1_Q4,Loki,2,1,"In S2E1, how does the bootstrap paradox apply to the creation of the Temporal Aura Extractor?","Loki time-slips into the past and tells O.B. they need a Temporal Aura Extractor. O.B. immediately builds one in the past, allowing it to instantly exist in the present for Mobius to use, meaning O.B. only built it because Loki told him he needed it in the future.",,Y,,
LKS2E1_Q5,Loki,2,1,"In S2E1, when Loki time-slips into the future TVA, who inexplicably saves him by pruning him from behind right before he is ripped apart by time?","Sylvie appears out of the elevator doors and prunes Loki from behind, saving his life.",,,,
LKS2E1_Q6,Loki,2,1,"In S2E1, what auditory recording does Loki discover in the past TVA that re-contextualizes the relationship between He Who Remains and Ravonna Renslayer?","Loki plays an old audio recording of He Who Remains praising Renslayer, telling her they won the multiversal war together and that they will lead ""for all time, always"" as partners.",,,,
LKS2E1_Q7,Loki,2,1,"In the S2E1 post-credits scene, where has Sylvie traveled to on the branched timeline?","She has traveled to Broxton, Oklahoma in the year 1982 to visit a McDonald's.",,,,
LKS2E1_Q8,Loki,2,1,"What is the comic book significance of Broxton, Oklahoma as seen in the S2E1 post-credits scene?","In the Marvel Comics, after the events of Ragnarok, Thor reconstructs the city of Asgard and places it hovering just outside the rural town of Broxton, Oklahoma.",Y,,,
LKS2E2_Q1,Loki,2,2,"In S2E2, what is Hunter X-5's alternate identity on the Sacred Timeline, and what movie is he starring in?","X-5 has abandoned the TVA to live out his life on the Sacred Timeline in 1977 London as ""Brad Wolfe,"" a famous actor starring in a slasher horror movie called ""Zaniac!"".",,,,
LKS2E2_Q2,Loki,2,2,"What is the comic book origin of the villain ""Zaniac"" referenced by Brad Wolfe's movie in S2E2?","In the comics, Zaniac is a swarm of demonic, blood-lusting creatures from the Dark Dimension that possess a human host (specifically an actor named Brad Wolfe). Thor teamed up with a TVA agent to stop him in the 1980s comics.",Y,,,
LKS2E2_Q3,Loki,2,2,"In S2E2, what Bollywood movie poster featuring a familiar MCU character is seen outside the Zaniac premiere?","There is a poster for ""Sara Khutra"" (Son of Saras), starring Kingo (Kumail Nanjiani's character from Eternals) living out his own timeline existence as a Bollywood movie star.",,,Eternals,
LKS2E2_Q4,Loki,2,2,"In S2E2, how does Loki creatively use his magic to capture the fleeing Brad Wolfe in the London alleyway?","Loki uses his shadow-casting abilities to make the physical shadows of his horns leap off the brick wall, physically grab Brad Wolfe, and violently drag him back into the alley.",,,,
LKS2E2_Q5,Loki,2,2,"In S2E2, what horrifying interrogation device do Loki and Mobius use to force Brad Wolfe to talk?","They lock him inside a shrinking ""Time Cube"" that gradually reduces its physical volume, threatening to crush him into viscera if he doesn't confess.",,,,
LKS2E2_Q6,Loki,2,2,"In S2E2, what atrocity does General Dox commit against the multiverse using the stolen Reset Charges?","General Dox goes rogue and orchestrates a mass, synchronized pruning of the multiverse, completely obliterating/erasing billions of people and hundreds of branch timelines to try and preserve the Sacred Timeline.",,,,
LKS2E2_Q7,Loki,2,2,"In S2E2, what numerical designation format do the TVA monitors use for the pruned branch timelines, sparking a continuity debate?","The TVA screens label the timelines with ""616"" prefixes (e.g., 616.11). This leans into Marvel Studios calling the MCU ""Earth-616"" instead of the original comic designation ""Earth-199999"".",Y,,Spider-Man: Across the Spider-Verse,
LKS2E2_Q8,Loki,2,2,"In S2E2, where do Loki and Mobius finally track down Sylvie, and what is she doing?","They find Sylvie working as a cashier at a 1982 McDonald's in Broxton, Oklahoma.",,,,
LKS2E3_Q1,Loki,2,3,"In S2E3, in what year and city do Ravonna Renslayer and Miss Minutes drop off the TVA manual through a window?","They travel to Chicago, Illinois in 1868 (three years after the Civil War ended and three years before the Great Chicago Fire) to drop the book into the window of a young Victor Timely.",,Y,,
LKS2E3_Q2,Loki,2,3,"In S2E3, how does Victor Timely's backstory connect to the MCU timeline concepts of the Grandfather/Bootstrap Paradox?","Victor Timely builds temporal technology because he read O.B.'s TVA guidebook. However, in the TVA, O.B. states he learned everything he knows from Victor Timely's 19th-century theories. They both inspired each other in a closed time loop.",,Y,,
LKS2E3_Q3,Loki,2,3,"In S2E3, when Loki and Mobius travel to the 1893 Chicago World's Fair, what is the event's famous historical alternate name?",The 1893 Chicago World's Fair was known as the World's Columbian Exposition.,,Y,,
LKS2E3_Q4,Loki,2,3,"In S2E3, what famous MCU deity is featured in a diorama display next to Odin and Thor at the World's Fair, much to Loki's annoyance?","Balder the Brave is featured in the diorama (a famous Asgardian from Norse mythology and the comics, heavily rumored to have been cut from Multiverse of Madness).",Y,,Doctor Strange in the Multiverse of Madness,
LKS2E3_Q5,Loki,2,3,"In S2E3, what famous real-world American serial killer is referenced by a newspaper advertisement at the World's Fair?","An advertisement for the ""World's Fair Hotel"" lists ""H.H. Holmes"" as the proprietor, referencing the notorious serial killer who operated a ""Murder Castle"" during the 1893 fair.",,Y,,
LKS2E3_Q6,Loki,2,3,"In S2E3, what machine does Victor Timely unveil at the World's Fair, and what is its true function in the TVA?","He unveils a prototype of the Temporal Loom. He pitches it to investors as a device to generate clean electricity, but in the TVA, it refines raw time into a physical, causal timeline.",,,,
LKS2E3_Q7,Loki,2,3,"In S2E3, what horrifying truth does Miss Minutes reveal about her feelings toward He Who Remains / Victor Timely?","Miss Minutes reveals that she is a fully sentient AI who deeply loves He Who Remains, becoming furiously jealous and demanding a physical human body so she can truly lead and be with him.",,,,
LKS2E3_Q8,Loki,2,3,"In S2E3, what major secret regarding Ravonna Renslayer does Miss Minutes drop at the end of the episode?","As Miss Minutes is being shut down, she hints at a dark secret, revealing to Ravonna Renslayer that He Who Remains erased a very important memory of hers (foreshadowing that Ravonna and He Who Remains used to rule the TVA together).",,,,
LKS2E4_Q1,Loki,2,4,"In S2E4, when Miss Minutes shows Ravonna Renslayer the deleted audio logs of He Who Remains, what exact phrase does he use to praise Renslayer?","He says, ""For us. For all time. Always... Professor Renslayer, you are quite a marvel."" This reveals that Ravonna actually co-commanded the army that won the Multiversal War.",,,,
LKS2E4_Q2,Loki,2,4,"In S2E4, what infamous ""Protocol"" does He Who Remains trigger after the war, causing the ultimate betrayal of Renslayer?","He triggers ""Protocol 42,"" ordering Miss Minutes to wipe the memories of Ravonna Renslayer and all the other TVA agents.",,,,
LKS2E4_Q3,Loki,2,4,"In S2E4, what brutal method of execution does General Dox choose rather than betray her principles and align with Renslayer?","General Dox and her loyalists refuse to join Renslayer, choosing to be crushed to death inside the shrinking Time Cube.",,,,
LKS2E4_Q4,Loki,2,4,"In S2E4, how is the mystery solved regarding who pruned Loki from behind during his time-slipping in Episode 1?","It is revealed that the present-day Loki was the one who pruned his own past time-slipping self, closing the time loop to ensure he survived.",,,,
LKS2E4_Q5,Loki,2,4,"In S2E4, when Miss Minutes undergoes her malicious system reboot, what creepy visual glitch occurs on her face?","Her face glitches with binary code (1s and 0s), her eyes turn into dead ""X""s, and she tells Victor Timely, ""You'll never be him,"" before vanishing into a horrifying, faceless clock design.",,,,
LKS2E4_Q6,Loki,2,4,"In S2E4, what happens when Victor Timely bravely volunteers to walk the gangway to fix the Temporal Loom?","As soon as he steps out, the extreme temporal radiation instantly spaghettifies him, painfully ripping the flesh off his skeleton before completely erasing him from existence.",,,,
LKS2E4_Q7,Loki,2,4,What specific theoretical physics concept is visually depicted by Victor Timely's death in S2E4?,"Spaghettification, the theoretical stretching of matter that occurs when an object crosses the event horizon of a black hole.",,Y,,
LKS2E4_Q8,Loki,2,4,How does S2E4 end immediately after Victor Timely's death?,"Loki, Mobius, and the crew watch in horror as the Temporal Loom explodes, sending a blinding shockwave of raw time radiation crashing through the observation deck, leaving their fates unknown as the screen cuts to black.",,,,
LKS2E5_Q1,Loki,2,5,"In S2E5, what happens to the TVA personnel immediately after the Temporal Loom explodes?","The TVA enters a ""fail-safe mode"" that automatically resets and reverts all employees back to their original lives on their respective branch timelines, leaving Loki entirely alone in the TVA.",,,,
LKS2E5_Q2,Loki,2,5,"In S2E5, what famous real-world prison break is Casey revealed to be a part of on his branched timeline?","Casey is revealed to be Frank Morris, the infamous real-world Alcatraz inmate who escaped the prison in 1962 using a papier-mâché dummy head.",,Y,,
LKS2E5_Q3,Loki,2,5,"In S2E5, what is B-15's true identity on her branched timeline, and what deep comic cut does it reference?","She is Dr. Verity Willis, a pediatrician in 2012 New York. In the ""Agent of Asgard"" comics, Verity Willis is a human capable of seeing through any lie, making her one of the few people who can stand up to Loki.",Y,,,
LKS2E5_Q4,Loki,2,5,"In S2E5, Mobius is finally shown in his past life on the timeline. Who is he, and what is his job?","He is Don, a single father of two rambunctious boys living in 2022 Cleveland, Ohio, working as a salesman at Piranha Powersports selling personal watercrafts (Sea-Doos/Jet Skis).",,,,
LKS2E5_Q5,Loki,2,5,"In S2E5, O.B.'s branched timeline identity is revealed as A.D. Doug. What kind of books does he write, and what famous sci-fi author is his name a nod to?",A.D. Doug is an unsuccessful science fiction writer (and Caltech professor). His name is a clear nod to Douglas Adams (author of The Hitchhiker's Guide to the Galaxy).,,Y,,
LKS2E5_Q6,Loki,2,5,"In S2E5, what specific literary theory does A.D. Doug use to help Loki understand his time-slipping?","A.D. Doug explains that while science focuses on ""what"" and ""how,"" fiction focuses on ""why."" He teaches Loki to focus on the narrative purpose (""the who"") to control his time-slipping.",,,,
LKS2E5_Q7,Loki,2,5,"In S2E5, when Sylvie's timeline begins to collapse, her surroundings turn into spaghetti. What popular 1970s song plays during this scene?","The Velvet Underground's ""Oh! Sweet Nuthin'"" plays as everything in the record store spaghettifies into nothingness.",,Y,,
LKS2E5_Q8,Loki,2,5,"How does S2E5 end, and what massive realization does Loki come to?","After all his friends spaghettify in front of him, Loki realizes his true ""why""—he doesn't want to be alone. This emotional breakthrough allows him to fully master and control his time-slipping, allowing him to jump back to the TVA right before Victor Timely's death.",,,,
LKS2E6_Q1,Loki,2,6,"In S2E6, what comic entity does Loki's final transformation reference?","He becomes the God of Stories, physically holding all the timelines together in a massive structure that resembles Yggdrasil, the Norse World Tree.",Y,Y,,
LKS2E6_Q2,Loki,2,6,"In S2E6, what line does Loki say to He Who Remains that catches him completely off guard?","Loki says, ""We die with the dying. We're born with the dead,"" quoting T.S. Eliot's poem Little Gidding from Four Quartets to signal he has lived through these loops for centuries.",,Y,,
LKS2E6_Q3,Loki,2,6,"In S2E6, how does Loki's final choice mirror the Season 1 finale?","Instead of He Who Remains isolating the Sacred Timeline at the End of Time, Loki takes his place on the throne to physically hold the entire multiverse together.",,,,
LKS2E6_Q4,Loki,2,6,"In S2E6, what famous piece of classical music plays as Loki forces Victor Timely to re-do the Temporal Loom mission over and over?","A disco arrangement of Beethoven's Fifth Symphony (Walter Murphy's ""A Fifth of Beethoven"") plays. Beethoven's Fifth is historically known as the ""fate symphony"" (Fate knocking at the door).",,Y,,
LKS2E6_Q5,Loki,2,6,"In S2E6, what major MCU movie event is referenced in the new TVA reports?","A report mentions a Kang variant causing a ""ruckus on a 616-adjacent realm,"" directly referencing the events of Ant-Man and the Wasp: Quantumania in the Quantum Realm.",,,Ant-Man and the Wasp: Quantumania,
LKS2E6_Q6,Loki,2,6,"In S2E6, what happens to Ravonna Renslayer at the end of the episode?","She wakes up in the Void at the End of Time, sees a rusted TVA logo on the ground, and stares down Alioth as a purple light washes over her.",,,,
MKS1E1_Q1,Moon Knight,1,1,"In Ep 1, how does Arthur Harrow's ritual of walking on glass relate to his belief in Ammit's judgment?","Harrow shatters glass and puts it in his sandals. Since glass is superheated sand, with every step he pulverizes it back into grains of sand, connecting to Ammit weighing hearts against a feather.",,Y,,
MKS1E1_Q2,Moon Knight,1,1,"Who is Arthur Harrow's patron deity, and what is her role in Egyptian mythology?","Ammit (or Amit), the Devourer of the Dead, a funeral figure associated with judgment seen with the head of a crocodile, front legs of a lion, and hindquarters of a hippo.",,Y,,
MKS1E1_Q3,Moon Knight,1,1,"What detail in Steven Grant's bedroom signifies his mental connection to Egypt and the ""sands""?","He surrounds his bed with a ring of sand as a sleepwalking security measure, but the camera lingering on his barefoot footprint in the sand symbolically connects him to the sands of Egypt.",,,,
MKS1E1_Q4,Moon Knight,1,1,"In Ep 1, how is the Egyptian Ennead poster at the museum factually inaccurate according to Steven?","Steven points out a blunder: the Ennead has nine members, but the poster only shows seven gods. It also incorrectly includes Hathor, the sky goddess.",,Y,,
MKS1E1_Q5,Moon Knight,1,1,"Who is the gold-painted street performer Steven talks to, and what is his comic book equivalent?","The performer is Crawley (Bertrand Crawley), who in the comics is a homeless man in New York who acts as an informant for Moon Knight.",Y,,,
MKS1E1_Q6,Moon Knight,1,1,"When Steven wakes up in an Alpine Village, who speaks to him in his mind and what does he call Steven?","Khonshu (voiced by F. Murray Abraham) speaks to him, calling him ""the worm"" as if Steven is an invasive critter inside the mind.",,,,
MKS1E1_Q7,Moon Knight,1,1,What subtle symbol is prominently visible on Steven/Marc's reflection when the mirror cracks in his apartment?,"A Star of David necklace is visible, nodding to Marc Spector's Jewish heritage.",,,,
MKS1E1_Q8,Moon Knight,1,1,How does Steven Grant's Mr. Knight suit differ from his traditional comic appearance?,He wears a three-piece suit with a form-fitting mask that has stitching down the center of the face (reflecting his fractured identity) and white wrappings on his shoes.,Y,,,
MKS1E2_Q1,Moon Knight,1,2,"In Ep 2, what book is seen among the stack in Steven's room, hinting at the soul's detachment from the physical body?","""Adventures of the Soul: Journeys Through the Physical and Spiritual Dimensions"" by James Van Praagh, hinting at out-of-body experiences.",,Y,,
MKS1E2_Q2,Moon Knight,1,2,What Marvel comic issue is linked to the QR code on the wall of JB's security room and the storage facility locker?,"Werewolf by Night #32 (and later #33), which marks the very first comic appearance of the Moon Knight character.",Y,,,
MKS1E2_Q3,Moon Knight,1,2,"In Ep 2, what subtle visual detail in the security footage hints that the Jackal Steven fought was actually there, despite being invisible to others?","As Steven runs past a column, there is digital noise/static on the security screen right when the invisible Jackal hits that surface.",,,,
MKS1E2_Q4,Moon Knight,1,2,What famous Sherlock Holmes novel does Steven reference when trying to explain the dog chasing him?,"He references ""The Hound of the Baskervilles"" by Sir Arthur Conan Doyle, fitting since that mystery involved a phantom dog tied to an inheritance scheme.",,Y,,
MKS1E2_Q5,Moon Knight,1,2,What detail on Marc's American passport reveals he survived Thanos' snap?,"The passport's issue date is December 14, 2018, which is during the five-year ""Blip"" period (which started in May 2018), confirming Marc was not dusted.",,,Avengers: Infinity War,
MKS1E2_Q6,Moon Knight,1,2,"When Khonshu flickers in the hallway lights, what visual callback is made to a horror film?","It acts as an inverse to David F. Sandberg's horror short/film ""Lights Out,"" showing the monster appearing in the light rather than the dark.",,Y,,
MKS1E2_Q7,Moon Knight,1,2,"Who is the French poet quoted by Marc and Layla, and what is the poem's thematic relevance?","They quote Marceline Desbordes-Valmore's ""Les Séparés"" (The Separated), reflecting Marc ""ghosting"" Layla and trying to keep her away.",,Y,,
MKS1E2_Q8,Moon Knight,1,2,"What specific police file number is assigned to Marc Spector by the detectives, and what does it reference?","The file number begins with 1975, which is the year Moon Knight first appeared in Marvel Comics.",Y,,,
MKS1E3_Q1,Moon Knight,1,3,"In Ep 3, what detail on Layla's fake Egyptian passport suggests she was not a victim of Thanos' snap?","The issue date on the forged passport is May 29, 2019, which falls during the Blip, implying Layla survived the snap.",,,Avengers: Infinity War,
MKS1E3_Q2,Moon Knight,1,3,"Who is the actress playing the family forger friend of Layla, and what other comic book show did she appear in?","Barbara Rosenblat plays the forger; she previously appeared in the DC series ""Gotham"" as Lydia Bishing.",,Y,,
MKS1E3_Q3,Moon Knight,1,3,"What specific color is recurring among Arthur Harrow's followers and enemies of Marc/Steven, hinting at a potential magical influence?","The color red (seen on Harrow, the boy's scarf, the cops, and midnight man) hints at the influence of Chaos Magic and the Scarlet Witch.",,,WandaVision,Y
MKS1E3_Q4,Moon Knight,1,3,"During the meeting inside the Great Pyramid of Giza, how many of the nine Ennead avatars actually show up for Khonshu's trial?","Only five of the nine show up (Isis, Tefnut, Osiris, Hathor, and Horus).",,,,
MKS1E3_Q5,Moon Knight,1,3,"Who is the Avatar of Hathor, and what romantic past is hinted at between Hathor and Khonshu?","Yatzil is the Avatar of Hathor (goddess of music, love, and the sky). Hathor and Khonshu have a romantic past in Egyptian mythology, tying the sky and moon together.",,Y,,
MKS1E3_Q6,Moon Knight,1,3,"Where do the Egyptian gods reside after abandoning mankind, according to Khonshu?","They live in the ""Overvoid"" (also known in comics as the Celestial Heliopolis), a pocket dimension outside the main Marvel Universe.",Y,,,
MKS1E3_Q7,Moon Knight,1,3,"Who is Anton Mogart, and what is his alter ego in the Moon Knight comics?","Anton Mogart is known as Midnight Man, a villain who steals valuable things simply for the sake of having them, striking at the dead of night.",Y,,,
MKS1E3_Q8,Moon Knight,1,3,"How does Khonshu revert the night sky back 2,000 years, and what cosmic power does he use to do so?","He uses his connection to the moon to manipulate gravity, turning the stars in the sky back in time, which results in his imprisonment in stone by the other gods.",,,,
MKS1E4_Q1,Moon Knight,1,4,"In Ep 4, what detail about the ushabti figurines in the opening scene hints at the final scene involving Taweret?","A Taweret ushabti figurine is seen among the banished gods in the cubby holes (and later in the credits), indicating that she was also banished and trapped in stone.",,,,
MKS1E4_Q2,Moon Knight,1,4,"What shape does the maze within the tomb form, according to Steven?","It forms the Eye of Horus, which has six parts representing the six senses (thought, sight, hearing, smell, taste, and the sixth sense), and traditionally symbolizes healing and protection.",,Y,,
MKS1E4_Q3,Moon Knight,1,4,Who does Steven deduce is buried in the long-lost tomb based on the Macedonian language?,Alexander the Great. It implies Alexander was the final Avatar of Ammit who betrayed her.,,Y,,
MKS1E4_Q4,Moon Knight,1,4,"What famous Shakespeare quote does Arthur Harrow say when he shoots Marc, and what is its significance?","Harrow says, ""The rest is silence."" These are the final words spoken by Hamlet before his death, drawing a parallel to Marc's long, drawn-out death.",,Y,,
MKS1E4_Q5,Moon Knight,1,4,"When Marc wakes up in the psychiatric hospital, what do the orderly characters Bobby and Billy reference from the comics?",Billy and Bobby are the names of the orderlies who work in Marc's mental hospital in the Jeff Lemire Moon Knight comics run.,Y,,,
MKS1E4_Q6,Moon Knight,1,4,"In the psychiatric hospital, what subtle clue hints at Layla's future comic book alter ego?","Layla wears a bandage on her pinky finger with a red drawing of a scarab on it, hinting at her transformation into the Scarlet Scarab (Abdul Faoul in the comics).",Y,,,
MKS1E4_Q7,Moon Knight,1,4,What weird discrepancy occurs with the numbers Crawley calls out during the Bingo game?,"Crawley calls out numbers and letters that don't exist in Bingo (like G-65 or T-16), reinforcing that the hospital is a fractured, unreal mental construction.",,Y,,
MKS1E4_Q8,Moon Knight,1,4,"Who is the hippopotamus figure Marc and Steven meet at the end of Ep 4, and what is her role in Egyptian mythology?","It is Taweret (voiced by Antonia Salib), the Egyptian goddess of childbirth and fertility.",,Y,,
MKS1E5_Q1,Moon Knight,1,5,"In Ep 5, what real-world medical facility from the Jeff Lemire comics is referenced by Dr. Harrow?","Putnam Psychiatric Hospital (or Putnam Medical Facility) in Chicago, Illinois.",Y,,,
MKS1E5_Q2,Moon Knight,1,5,"In Ep 5, Taweret explains that the psychiatric hospital is actually a manifestation of what MCU realm?","It is a subjective manifestation of the Duat (the Egyptian Underworld), similar to how the Ancestral Plane appears differently to each person in Black Panther.",,,Black Panther,
MKS1E5_Q3,Moon Knight,1,5,What comic book easter egg is hidden in the QR code on the door of the third memory room?,"Scanning the QR code takes you to a digital copy of Moon Knight #1 (1980), which tells his origin story with Bushman.",Y,,,
MKS1E5_Q4,Moon Knight,1,5,What traumatic childhood event is revealed to be the origin of Marc Spector's Dissociative Identity Disorder (DID)?,"Marc created the Steven Grant alter to escape the abuse from his mother, Wendy, following the accidental drowning of his younger brother, Randall.",,,,
MKS1E5_Q5,Moon Knight,1,5,"What pop culture reference inspired the name ""Steven Grant"" and his British persona?","Marc adopted the name and persona from ""Dr. Steven Grant,"" the heroic protagonist of a cheesy Indiana Jones-style VHS movie called Tomb Buster.",,,,
MKS1E5_Q6,Moon Knight,1,5,How does Marc initially become the Avatar of Khonshu?,"After surviving the massacre at the dig site by his former mercenary partner Bushman, a dying Marc crawls into Khonshu's temple and accepts servitude in exchange for his life being saved.",,,,
MKS1E5_Q7,Moon Knight,1,5,What heartbreaking sacrifice does Steven make in the Duat?,"Steven tackles a sand zombie to save Marc, falling overboard into the sands of the Duat and turning into a frozen sand statue.",,,,
MKS1E5_Q8,Moon Knight,1,5,What Spanish hymn plays when Marc finally balances his scales and arrives in the Field of Reeds?,"""Mas Allá del Sol"" (Beyond the Sun), a Spanish hymn commonly sung at funerals in Mexico and Latin America, which nods to Oscar Isaac's Guatemalan/Cuban heritage.",,Y,,
MKS1E6_Q1,Moon Knight,1,6,"In Ep 6, how does Layla's superhero transformation adapt Marvel Comics lore?","Layla accepts Taweret's offer to become her Avatar and transforms into the Scarlet Scarab. In the comics, the Scarlet Scarab was an Egyptian villain named Abdul Faoul.",Y,,,
MKS1E6_Q2,Moon Knight,1,6,Who is the actress voicing the crocodile goddess Ammit?,Ammit is voiced by actress Saba Mubarak.,,Y,,
MKS1E6_Q3,Moon Knight,1,6,What major Kang the Conqueror Easter egg is hidden via a QR code in the post-credits scene of Ep 6?,The QR code on the poster in the psychiatric hospital leads to a 2019 Moon Knight comic issue in which Moon Knight faces Kang the Conqueror (specifically Rama-Tut).,Y,,,
MKS1E6_Q4,Moon Knight,1,6,"What is the name of the psychiatric hospital in the post-credits scene, and what is it a nod to?","It's called ""Sienkiewicz Psychiatric Hospital,"" a nod to Bill Sienkiewicz, the iconic comic artist who defined much of Moon Knight's classic look.",Y,,,
MKS1E6_Q5,Moon Knight,1,6,"In the post-credits scene, what alter-ego is finally revealed to be driving the white limousine?","Jake Lockley, the ruthless third alter who speaks Spanish and willingly carries out Khonshu's executions.",,,,
MKS1E6_Q6,Moon Knight,1,6,How does Khonshu's appearance change in the post-credits scene?,"Khonshu is seen wearing a crisp, fancy white suit, matching his ""Mr. Knight""-style appearance from the Jeff Lemire comic run.",Y,,,
MKS1E6_Q7,Moon Knight,1,6,"What song plays over the final scene with Jake Lockley, emphasizing eternal devotion?","Frank Sinatra's ""My Way of Life"" plays, reflecting Jake's ruthless, unquestioning devotion to Khonshu.",,Y,,
MKS1E6_Q8,Moon Knight,1,6,How does the ending of Ep 6 mirror the very beginning of the series?,"Marc and Steven wake up strapped to their bed in their London flat, listening to Engelbert Humperdinck's ""A Man Without Love,"" bringing their journey full circle (though now sharing the body peacefully).",,,,
SIS1E1_Q1,Secret Invasion,1,1,"In SI Ep 1, what timeline clue places the events of Secret Invasion late in the MCU continuity?","Marvel Studios executive Jonathan Schwartz confirmed the show takes place after She-Hulk, placing it in late 2025 or early 2026.",,Y,She-Hulk,
SIS1E1_Q2,Secret Invasion,1,1,"In SI Ep 1, what specific classic American westerns did director Ali Selim cite as inspiration for Nick Fury's character arc?","The Searchers and Unforgiven, comparing Fury to a lone, classic American Western gunslinger.",,Y,,
SIS1E1_Q3,Secret Invasion,1,1,"In SI Ep 1, what detail on Agent Prescott's research board reveals the Skrulls are harvesting DNA to create Super Skrulls?","A sticky note mentions ""theft of confidential items,"" likely referring to the Skrulls stealing DNA and tissue from enhanced individuals (like Cull Obsidian) to mimic their powers.",Y,,,
SIS1E1_Q4,Secret Invasion,1,1,"In SI Ep 1, what is S.A.B.E.R., and what comic book organization is it based on?","S.A.B.E.R. is the space station Nick Fury has been operating on since Spider-Man: Far From Home. It is based on the S.W.O.R.D. space station ""The Peak"" from the comics.",Y,,Spider-Man: Far From Home,
SIS1E1_Q5,Secret Invasion,1,1,"In SI Ep 1, how do the AI-generated opening credits foreshadow Gravik's rise to power?","The credits show a chessboard where a Bishop piece shifts into a Queen and then into a King, symbolizing how Gravik jumps ranks to become the supreme Skrull leader.",,,,
SIS1E1_Q6,Secret Invasion,1,1,"In SI Ep 1, how does the show visually indicate Skrull identity using a specific lighting palette during the Moscow chase scene?","The scene uses splashy purple lighting mixed with green tones, reflecting the green and purple color palette of Skrull skin and Skrull blood.",,,,
SIS1E1_Q7,Secret Invasion,1,1,"In SI Ep 1, what specific weakness of Nick Fury is highlighted by the removal of his signature eyepatch?","According to Samuel L. Jackson, removing the patch strips away the ""strong, perfectly indestructible"" persona, exposing Fury's physical age, vulnerability, and the lasting trauma of the Blip.",,Y,,
SIS1E1_Q8,Secret Invasion,1,1,"In SI Ep 1, why does Maria Hill say ""It was you"" to Nick Fury right before she dies?","Gravik shape-shifted into Nick Fury to shoot her, meaning her tragic final thought is the false belief that her lifelong mentor and friend betrayed and murdered her.",,,,
SIS1E2_Q1,Secret Invasion,1,2,"In SI Ep 2, what real-world 1981 historical event mirrors the racial tensions of the 1997 Brixton flashback?","The Brixton riots in London, where young afro-Caribbean immigrants clashed with police over racist stop-and-search policies, mirroring the Skrulls' refugee struggles.",,Y,,
SIS1E2_Q2,Secret Invasion,1,2,"In SI Ep 2, what is the comic book origin of Vara, the Skrull who introduces young Gravik to Nick Fury?","In the New Avengers comics, Vara is a Skrull-Kree hybrid and a Knight of the Infinite who interacts with the Young Avengers.",Y,,,
SIS1E2_Q3,Secret Invasion,1,2,"In SI Ep 2, what childhood game does Nick Fury reference to explain how he detects lies, and who did he play it with?","He references a game called ""Tell Me Something I Don't Know,"" which he played with his mother during segregated train rides in Alabama.",,,,
SIS1E2_Q4,Secret Invasion,1,2,"In SI Ep 2, what four specific DNA samples are shown on the Skrull computer screens, revealing the recipe for Super Skrulls?","Groot, a Frost Beast (from Jotunheim), Cull Obsidian, and Extremis (from Iron Man 3).",,,Iron Man 3,
SIS1E2_Q5,Secret Invasion,1,2,"In SI Ep 2, what historical Russian figure is seen in a painting inside the Skrull base, hinting at the timeline of the abandoned nuclear plant?","Konstantin Chernenko, the Soviet leader from 1984-1985, suggesting the plant was decommissioned just before the 1986 Chernobyl disaster.",,Y,,
SIS1E2_Q6,Secret Invasion,1,2,"In SI Ep 2, why is the specific year of James Rhodes' ""Eyes Only"" Skrull briefing highly significant for fan theories?","Rhodey says he learned about Skrulls 15 years ago (around 2010/2011). If Rhodey has been a Skrull since then, it would completely rewrite his emotional arc during Tony Stark's death in Avengers: Endgame.",,,Avengers: Endgame,Y
SIS1E2_Q7,Secret Invasion,1,2,"In SI Ep 2, what specific event does Rhodey remind Nick Fury of to explain the Skrulls' aggressive arrival on Earth?","Rhodey mentions the Skrulls crashing light-ships down to Earth, possibly retconning the mysterious spaceship splashdown seen in the ocean at the end of Avengers: Age of Ultron.",,,Avengers: Age of Ultron,Y
SIS1E2_Q8,Secret Invasion,1,2,"In SI Ep 2, what subtle color coordination reveals Priscilla Fury's true Skrull identity before she transforms?","Priscilla is seen chopping green vegetables while wearing a green top and drinking from green glassware, showing off the Skrulls' signature ""verdigris"" color palette.",,,,
SIS1E3_Q1,Secret Invasion,1,3,"In SI Ep 3, what is the comic book significance of the Skrull character ""Pagon""?","In the comics, Pagon is the Skrull who poses as Elektra and is killed by Echo; Pagon's autopsy is what officially exposes the Secret Invasion to the heroes.",Y,,,
SIS1E3_Q2,Secret Invasion,1,3,"In SI Ep 3, what real-world military base is targeted for the Skrull submarine hijacking?","HMNB Clyde, a real naval base in Scotland best known as the home of Britain's nuclear submarines.",,Y,,
SIS1E3_Q3,Secret Invasion,1,3,"In SI Ep 3, how does Gravik visually demonstrate his newly acquired Super Skrull powers during the parley with Talos?","After Talos stabs Gravik's hand with a knife, Gravik heals the wound instantly using the glowing orange Extremis technology (from Iron Man 3).",,,Iron Man 3,
SIS1E3_Q4,Secret Invasion,1,3,"In SI Ep 3, what subtle trick does Nick Fury use with his glasses to tell if someone is a Skrull?",Fury puts on his augmented glasses (which have infrared sensors) only when he wants to read a person's vitals/heart rate to determine if they are lying or shape-shifted.,,,,Y
SIS1E3_Q5,Secret Invasion,1,3,"In SI Ep 3, what famous historical painting does Gravik reference at the National Portrait Gallery, and what point does he make with it?","He references James Guthrie's ""Statesmen of World War I,"" pointing out Winston Churchill to draw a distinction between ""statesmen"" who pose for paintings and ""soldiers"" who do the actual killing.",,Y,,
SIS1E3_Q6,Secret Invasion,1,3,"In SI Ep 3, what famous literary work does Sonya Falsworth reference when her operative escapes down a floor hatch?","She references Fyodor Dostoevsky's ""Crime and Punishment,"" wherein the protagonist murders a pawnbroker and escapes down a floor hatch.",,Y,,
SIS1E3_Q7,Secret Invasion,1,3,"In SI Ep 3, what ""tell"" does Talos use to secretly confirm to Nick Fury that he is not a Skrull imposter with a gun to his head?","Talos calls him ""Nick"" over the radio, invoking the rule established in Captain Marvel: ""Everybody calls me Fury. Not Nicholas. Not Joseph. Not Nick. Just Fury.""",,,Captain Marvel,
SIS1E3_Q8,Secret Invasion,1,3,"In SI Ep 3, whose voice is definitively heard on the phone giving orders to Priscilla Fury at the end of the episode?","The voice belongs to James Rhodes (Don Cheadle), strongly suggesting that Rhodey is a Skrull secretly working within Gravik's chain of command.",,,,
SIS1E4_Q1,Secret Invasion,1,4,"In SI Ep 4, how does G'iah survive being shot by Gravik?",G'iah survives because she secretly used the Super Skrull machine to give herself the Extremis healing powers (from Iron Man 3) before confronting Gravik.,,,Iron Man 3,
SIS1E4_Q2,Secret Invasion,1,4,"In SI Ep 4, what poem does Vara read to Nick Fury, and what is its significance?","She reads Raymond Carver's ""Late Fragment"". Carver wrote it shortly before his death from lung cancer, reflecting his desire to feel ""beloved on the earth,"" mirroring Vara's desire to feel at home on Earth as a Skrull.",,Y,,
SIS1E4_Q3,Secret Invasion,1,4,"In SI Ep 4, what iconic African-American spiritual song is sung in the church when ""Rhodey"" meets Vara?","The choir sings ""Deep River,"" an African-American spiritual. It's an ironic/dark detail that white British Skrulls are culturally appropriating a Black spiritual song.",,Y,,
SIS1E4_Q4,Secret Invasion,1,4,"In SI Ep 4, what detail gives away that ""Rhodey"" is definitely a Skrull imposter during his conversation with Vara?","He tells Vara he ""DDT'd"" Fury from the top rope, referencing a pro wrestling move (the Undertaker's DDT), acting highly uncharacteristic of the real James Rhodes.",,Y,,
SIS1E4_Q5,Secret Invasion,1,4,"In SI Ep 4, what famous historical painting does Gravik reference at the National Portrait Gallery, and what point does he make with it?","He references James Guthrie's ""Statesmen of World War I,"" pointing out Winston Churchill to draw a distinction between ""statesmen"" who pose for paintings and ""soldiers"" who do the actual killing.",,Y,,
SIS1E4_Q6,Secret Invasion,1,4,"In SI Ep 4, what clue implies that Vara's human disguise was originally a doctor?","Vara tells Fury she took the form of Dr. Priscilla Davis, who had a congenital heart defect. A framed book/award on their shelf also mentions Priscilla Davis's work with genetics.",,,,
SIS1E4_Q7,Secret Invasion,1,4,"In SI Ep 4, how does Gravik survive getting shot during the ambush on the President's motorcade?","Gravik reveals he is a Super Skrull, using Extremis powers to heal his gunshot wounds instantly.",,,Iron Man 3,
SIS1E4_Q8,Secret Invasion,1,4,"In SI Ep 4, who dies at the end of the episode after saving President Ritson?",Talos is stabbed in the heart by Gravik and dies on the battlefield.,,,,
SIS1E5_Q1,Secret Invasion,1,5,"In SI Ep 5, what specific word from a famous MCU quote is highlighted in the Marvel Studios opening logo?","The word ""SECRET"" from Bruce Banner's line in The Avengers (""That's my secret, Captain. I'm always angry."") is highlighted.",,,The Avengers,
SIS1E5_Q2,Secret Invasion,1,5,"In SI Ep 5, what is ""The Harvest"" that Gravik is desperately looking for?",The Harvest is a single vial containing the blended DNA of nearly every Avenger who spilled blood during the Battle of Earth in Avengers: Endgame.,,,Avengers: Endgame,
SIS1E5_Q3,Secret Invasion,1,5,"In SI Ep 5, what specific Avenger's DNA is highlighted as the most crucial piece of The Harvest?","Carol Danvers (Captain Marvel), whose blood contains unique cosmic radiation.",,,Captain Marvel,
SIS1E5_Q4,Secret Invasion,1,5,"In SI Ep 5, what famous Quentin Tarantino movie line does Nick Fury reference when speaking to Skrull Rhodey's bodyguard?","He says, ""Do something, I dare you,"" a direct homage to Jules' famous monologue in Pulp Fiction (""I dare you, I double dare you..."").",,Y,,
SIS1E5_Q5,Secret Invasion,1,5,"In SI Ep 5, what extremely expensive, real-world alcohol does Nick Fury serve to Skrull Rhodey, and what show previously featured it?","Fury serves ""Pappy Van Winkle 23,"" a $5,000+ bottle of whiskey that was also featured in She-Hulk when Jen Walters' boss bought her a drink.",,Y,She-Hulk,
SIS1E5_Q6,Secret Invasion,1,5,"In SI Ep 5, how does Nick Fury secretly track Skrull Rhodey after their meeting?",Fury slips a liquid nanobot location tracker into the glass of Pappy Van Winkle whiskey before Rhodey drinks it.,,,,
SIS1E5_Q7,Secret Invasion,1,5,"In SI Ep 5, what MCU movie character returns to supply Nick Fury with a private plane?","Rick Mason (played by O-T Fagbenle), Natasha Romanoff's off-the-books travel liaison from the Black Widow movie, returns to help Fury.",,,Black Widow,
SIS1E5_Q8,Secret Invasion,1,5,"In SI Ep 5, what Bible verse is written on the fake tombstone hiding The Harvest, and what is its significance?","John 15:13 (""Greater love hath no man than this, that a man lay down his life for his friends""), signifying Fury's willingness to sacrifice himself so his Avenger friends don't get captured or cloned by Skrulls.",,Y,,
SIS1E6_Q1,Secret Invasion,1,6,"In SI Ep 6, what major plot twist is revealed during Nick Fury's confrontation with Gravik at New Skrullos?","It is revealed that ""Nick Fury"" is actually G'iah in disguise. The real Fury is safely at the hospital dealing with Skrull Rhodey.",,,,
SIS1E6_Q2,Secret Invasion,1,6,"In SI Ep 6, what DNA samples does Gravik's computer screen show when he analyzes The Harvest?","The screen lists Ghost, Captain America, Corvus Glaive, Thanos, Outrider, Proxima Midnight, Captain Marvel, Abomination, Mantis, Cull Obsidian, Drax, Korg, Ebony Maw, Frost Beast, Hulk, Chitauri, Valkyrie, Thor Odinson, Gamora, Flora Colossus (Groot), and Winter Soldier.",,,,
SIS1E6_Q3,Secret Invasion,1,6,"In SI Ep 6, how does G'iah survive being blasted by Gravik after he powers up the Super Skrull machine?","G'iah was inside the machine's radius as well, absorbing all the DNA from The Harvest and becoming a Super Skrull simultaneously with Gravik.",,,,
SIS1E6_Q4,Secret Invasion,1,6,"In SI Ep 6, whose powers does G'iah specifically use to put Gravik to sleep and finally defeat him?","She grows Mantis's antennae to put Gravik to sleep (like Mantis did to Thanos in Infinity War), then uses Captain Marvel's cosmic energy to blast a hole through his stomach.",,,Avengers: Infinity War,
SIS1E6_Q5,Secret Invasion,1,6,"In SI Ep 6, when the real James ""Rhodey"" Rhodes is rescued from the Skrull fracking pod, what detail hints at how long he was trapped?","He is wearing a hospital gown and needs help walking, heavily implying he was swapped out during his spinal surgery immediately following the events of Captain America: Civil War (meaning he was a Skrull during Infinity War and Endgame).",,,Captain America: Civil War,Y
SIS1E6_Q6,Secret Invasion,1,6,"In SI Ep 6, what controversial political move does President Ritson make following the Skrull attack?","He issues a televised address proposing a bill to designate all ""off-world-born species"" as enemy combatants, essentially declaring war on all extraterrestrials on Earth (including friendly Skrulls, Asgardians, etc.).",,,,
SIS1E6_Q7,Secret Invasion,1,6,"In SI Ep 6, what happens to the UK Prime Minister and other suspected Skrulls after President Ritson's declaration?","Human vigilantes/militias execute suspected Skrulls in a montage, gunning down the news anchor Chris Stearns on live TV and assassinating the UK Prime Minister (who ironically turns out to be human, as the Skrull imposter had already been freed).",,,,
SIS1E6_Q8,Secret Invasion,1,6,"In SI Ep 6, who does G'iah partner with at the end of the series, hinting at a new UK-based intelligence organization?","She partners with Sonya Falsworth (MI6) to step up as a new Skrull leader, potentially setting up MI-13 or Excalibur in the MCU.",Y,,,
SHS1E1_Q1,She-Hulk: Attorney at Law,1,1,"In Ep 1, what change is made to the Marvel Studios opening logo sequence?",The logo sequence is updated to include Mighty Thor (Jane Foster) from Thor: Love and Thunder and Shang-Chi riding the Great Protector dragon.,,,Thor: Love and Thunder,
SHS1E1_Q2,She-Hulk: Attorney at Law,1,1,"In Ep 1, what does the firm name ""GLK&H"" stand for, and what is its comic significance?","It stands for Goodman, Lieber, Kurtzberg, and Holloway. The first three names are homages to Marvel legends Martin Goodman, Stan Lee (Lieber), and Jack Kirby (Kurtzberg).",Y,Y,,
SHS1E1_Q3,She-Hulk: Attorney at Law,1,1,"In Ep 1, how does Jen breaking the fourth wall connect to the comics and other media?",She-Hulk famously broke the fourth wall in her comic run long before Deadpool did. It also stylistically references modern fourth-wall-breaking shows like Fleabag.,Y,Y,,
SHS1E1_Q4,She-Hulk: Attorney at Law,1,1,"In Ep 1, what specific spaceship causes Bruce and Jen's car crash?","It is a Sakaaran Class-A Courier Craft, previously seen in Thor: Ragnarok, hinting that someone from Sakaar is looking for the Hulk.",,,Thor: Ragnarok,
SHS1E1_Q5,She-Hulk: Attorney at Law,1,1,"In Ep 1, what Iron Man easter eggs are found in Bruce's Mexico beach house lab?","The lab features an Iron Legion helmet from Age of Ultron, Tony's led zeppelin/black sabbath t-shirts, and the bar they built together with ""B.B."" and ""T.S."" carved into it.",,,Avengers: Age of Ultron,
SHS1E1_Q6,She-Hulk: Attorney at Law,1,1,"In Ep 1, what specific piece of gladiator armor from Thor: Ragnarok is visible in Bruce's Mexico lab?",The gladiator helmet Hulk wore during his battle with Thor on Sakaar is sitting on a desk in the lab.,,,Thor: Ragnarok,
SHS1E1_Q7,She-Hulk: Attorney at Law,1,1,"In Ep 1, what major debate about Captain America is finally settled by Bruce Banner?",Bruce confirms that Steve Rogers was not a virgin; he lost his virginity to a girl in 1943 during the USO tour.,,,Captain America: The First Avenger,
SHS1E1_Q8,She-Hulk: Attorney at Law,1,1,"In Ep 1, who burst through the courtroom walls, and what is her history with She-Hulk?","Titania bursts through. In the comics, she is a super-powered influencer and one of She-Hulk's primary rivals who constantly loses to her.",Y,,,
SHS1E2_Q1,She-Hulk: Attorney at Law,1,2,"In Ep 2, what derogatory nicknames is Jen given before settling on She-Hulk, nodding to Marvel's copyright history?","She is called ""Lady Hulk"" and ""Chick Hulk"". Marvel originally created She-Hulk quickly in the comics just to ensure they owned the copyright to a female Hulk before the TV show producers created one.",Y,Y,,
SHS1E2_Q2,She-Hulk: Attorney at Law,1,2,"In Ep 2, what easter egg appears on the side of a webpage Jen is browsing, hinting at another major Marvel superhero?","There is a related article titled ""Man fights with metal claws in a bar brawl,"" which is a direct reference to Wolverine and the first X-Men movie.",Y,Y,,
SHS1E2_Q3,She-Hulk: Attorney at Law,1,2,"In Ep 2, what massive MCU event from the Eternals movie is finally addressed via a news article on Jen's computer?","An article titled ""Why there is a giant statue of a man sticking out of the ocean"" finally addresses the frozen Celestial, Tiamut, from the end of Eternals.",,,Eternals,
SHS1E2_Q4,She-Hulk: Attorney at Law,1,2,"In Ep 2, what does Emil Blonsky (Abomination) use as his main defense for his rampage in Harlem?","He argues that the U.S. government gave him the super soldier serum and sent him to stop the Hulk, viewing himself as the hero following orders and Hulk as the true threat.",,,The Incredible Hulk,
SHS1E2_Q5,She-Hulk: Attorney at Law,1,2,"In Ep 2, what leaked internet footage ruins Jen's legal strategy for Emil Blonsky's parole?",Footage leaks of Abomination fighting Wong in an underground cage match in Macau (from Shang-Chi and the Legend of the Ten Rings).,,,Shang-Chi and the Legend of the Ten Rings,
SHS1E2_Q6,She-Hulk: Attorney at Law,1,2,"In Ep 2, what is Jen's phone wallpaper a subtle nod to?","Her wallpaper is a picture of ""Captain America's ass,"" a running joke from Avengers: Endgame.",,,Avengers: Endgame,
SHS1E2_Q7,She-Hulk: Attorney at Law,1,2,"In Ep 2, what is Bruce Banner doing when Jen calls him, and where is he?","Bruce is back in his Smart Hulk form, flying through space aboard the Sakaaran Courier Craft seen in Episode 1.",,,,
SHS1E2_Q8,She-Hulk: Attorney at Law,1,2,"In Ep 2, who is the prosecutor facing off against Jen, and how does he connect to the MCU?","The prosecutor is Holden Holloway's rival, but more importantly, he is Gideon Wilson. In the comics, Gideon is the older brother of Sam Wilson (The Falcon/Captain America).",Y,,,
SHS1E3_Q1,She-Hulk: Attorney at Law,1,3,"In Ep 3, what famous Pixar easter egg number appears on the wall when Jen visits the DODC supermax prison?","The number A113 appears on the wall, referencing the California Institute of the Arts classroom used by many Pixar animators.",,Y,,
SHS1E3_Q2,She-Hulk: Attorney at Law,1,3,"In Ep 3, what details are visible on Wong's LinkedIn profile?","Wong's profile lists him as the Sorcerer Supreme, a ""Full-time Librarian at Kamar-Taj for 11 years,"" and hilariously, a ""Target Sales Associate for 9 years."" He is also mutually connected to Bruce Banner.",,,,
SHS1E3_Q3,She-Hulk: Attorney at Law,1,3,"In Ep 3, what distinct audio cue plays right before Jen breaks the fourth wall to talk to the audience?","A futuristic, synthy twinkle noise plays, panning from left to right speakers, signaling her shift in awareness.",,,,
SHS1E3_Q4,She-Hulk: Attorney at Law,1,3,"In Ep 3, who did Dennis Bukowski think he was dating, and who was she actually?","He thought he was dating the famous rapper Megan Thee Stallion, but he was actually being conned by Runa, a shape-shifting Light Elf from New Asgard.",,,,
SHS1E3_Q5,She-Hulk: Attorney at Law,1,3,"In Ep 3, what specific line from Thor: Ragnarok does the judge quote to dismiss Runa's claim of diplomatic immunity?","The judge tells Runa that ""Asgard is not a place, it is a people. Therefore, Thor's inspirational speeches are not admissible in court.""",,,Thor: Ragnarok,
SHS1E3_Q6,She-Hulk: Attorney at Law,1,3,"In Ep 3, who attacks Jen on her way home, and what comic villain team are they from?","She is attacked by four men wielding glowing Asgardian construction tools. They are the Wrecking Crew (Wrecker, Thunderball, Piledriver, and Bulldozer) from the Marvel comics.",Y,,,
SHS1E3_Q7,She-Hulk: Attorney at Law,1,3,"In Ep 3, what specific action does Wong mention to establish his timeline authority regarding memory spells?","He casually mentions that people's memories shouldn't just be wiped, referencing when Doctor Strange had to get his permission to wipe the world's memory of Peter Parker in Spider-Man: No Way Home.",,,Spider-Man: No Way Home,
SHS1E3_Q8,She-Hulk: Attorney at Law,1,3,"In the Ep 3 mid-credits scene, what pop culture milestone officially becomes MCU canon?","Megan Thee Stallion signs on as Jen's client, and they celebrate by twerking together to her song ""Body"" in Jen's office.",,Y,,
SHS1E4_Q1,She-Hulk: Attorney at Law,1,4,"In Ep 4, how does the show establish Wong's surprising television obsession?","Wong is shown relaxing in Kamar-Taj watching season 5, episode 12 of The Sopranos (""Long Term Parking""). He later sues Donny Blaze for spoiling the episode for him.",,Y,,
SHS1E4_Q2,She-Hulk: Attorney at Law,1,4,"In Ep 4, what hellish Marvel dimension is theorized to be where Madisynn was temporarily banished?","She was sent to a fiery ""Fire Land"" ruled by a talking goat-like demon named Jake, which strongly resembles Mephisto's realm (Hell) or Belasco's Limbo.",Y,,,Y
SHS1E4_Q3,She-Hulk: Attorney at Law,1,4,"In Ep 4, what detail on Jen's computer to-do list confirms a connection to Stan Lee and John Byrne?","A task reads ""Compile depositions for Lee vs Byrne,"" a direct nod to Stan Lee and John Byrne (the legendary writer/artist who defined She-Hulk's fourth-wall-breaking comic run).",Y,Y,,
SHS1E4_Q4,She-Hulk: Attorney at Law,1,4,"In Ep 4, what specific spell consequence from Spider-Man: No Way Home and Multiverse of Madness does Wong reference regarding untrained sorcerers?","Wong warns that untrained magic ""risks untethering the material and astral planes,"" directly referencing the multiversal chaos he recently dealt with in No Way Home and Multiverse of Madness.",,,Doctor Strange in the Multiverse of Madness,
SHS1E4_Q5,She-Hulk: Attorney at Law,1,4,"In Ep 4, who is the creepy man on Jen's Matcher dating app, and what suspicious items does he wear?","The unnamed creepy date is obsessed with her being ""indestructible"" and wears a gold band with a red ring, closely resembling the rings worn by the Dreykov/Red Room operatives in Black Widow.",,,Black Widow,Y
SHS1E4_Q6,She-Hulk: Attorney at Law,1,4,"In Ep 4, what specific Marvel location does Wong likely banish the goblin demons back to?","Given the portal's snowy/mountainous background, Wong likely opens a portal to Mount Wundagore (the site of the Darkhold castle destroyed by the Scarlet Witch).",,,Doctor Strange in the Multiverse of Madness,Y
SHS1E4_Q7,She-Hulk: Attorney at Law,1,4,"In Ep 4, what legal maneuver does Titania use to get back at She-Hulk at the end of the episode?","Titania successfully trademarks the name ""She-Hulk"" (since Jen refused to do it herself) and serves Jen with a lawsuit/cease and desist for using her own superhero name.",,,,
SHS1E4_Q8,She-Hulk: Attorney at Law,1,4,"In the Ep 4 mid-credits scene, what iconic TV show are Wong and Madisynn watching together while discussing cocktails?","They are watching ""This Is Us,"" specifically the tragic episode detailing Jack Pearson's death, which explains why Wong was late and crying earlier in the episode.",,Y,,
SHS1E5_Q1,She-Hulk: Attorney at Law,1,5,"In Ep 5, what popular Marvel internet character created by the head writer's husband makes a cameo on Nikki's desk?","A ""Dumpster Fire"" toy with a nightlight (created by 100% Soft/Truck Torrence, husband of head writer Jessica Gao) sits on Nikki's desk.",,Y,,
SHS1E5_Q2,She-Hulk: Attorney at Law,1,5,"In Ep 5, what hidden message is spoken in Chinese by Nikki at the bootleg superhero merch store?","Nikki speaks Mandarin/Chinese, assuring the store owner, ""We are not cops.""",,Y,,
SHS1E5_Q3,She-Hulk: Attorney at Law,1,5,"In Ep 5, how do the bootleg ""Avongers"" merchandise items hilariously misinterpret the MCU heroes?","Thor has a shovel instead of a hammer, Hulk has a mustache and protruding nipples, Iron Man's colors are backward, Captain America has a literal eagle on his chest/hat, and the Avengers ""A"" logo points the wrong way.",,,,
SHS1E5_Q4,She-Hulk: Attorney at Law,1,5,"In Ep 5, who is Luke Jacobson, and what is his comic book counterpart?","Luke Jacobson is an elite fashion designer for superheroes. In the comics, he was an award-winning designer who worked alongside the private investigator Dakota North in the 1980s.",Y,,,
SHS1E5_Q5,She-Hulk: Attorney at Law,1,5,"In Ep 5, whose iconic superhero helmet is accidentally revealed in Luke Jacobson's studio?","Daredevil's new yellow/gold helmet is seen sitting in a hatbox, confirming Matt Murdock's upcoming appearance and his new comic-accurate suit.",Y,,Daredevil,
SHS1E5_Q6,She-Hulk: Attorney at Law,1,5,"In Ep 5, which obnoxious billionaire client of GLK&H seems to parallel a specific Fantastic Four/Doctor Doom comic character?","Todd, the billionaire playboy who wants to feel like Tony Stark, shares parallels with Kristoff Vernard (Doctor Doom's son/heir) who sought asylum in the US and aggressively pursued She-Hulk.",Y,,,Y
SHS1E5_Q7,She-Hulk: Attorney at Law,1,5,"In Ep 5, what sneaker collection is Pug obsessing over, and what notable Marvel characters are referenced on the shoe wall?","Pug is buying ""Iron Man Threes."" The shoe wall also features custom sneakers themed after Deadpool, Cyclops, The Thing, Wolverine, Ghost Rider, Juggernaut, Nova, and classic Vision.",Y,,,
SHS1E5_Q8,She-Hulk: Attorney at Law,1,5,"In Ep 5, what real-world legal truth prevents She-Hulk from easily winning her trademark case initially?","In reality, if you don't trademark your own superhero/public name, someone else can. Marvel originally created the She-Hulk comic specifically to trademark the name before a TV studio could steal it.",Y,Y,,
SHS1E6_Q1,She-Hulk: Attorney at Law,1,6,"In Ep 6, what classic 80s comic book character is the bride Lulu likely based on?","Lulu acts as an analogue to Louise Grant (The Blonde Phantom), a former vigilante who retired and became a close friend/secretary to She-Hulk in the comics.",Y,,,
SHS1E6_Q2,She-Hulk: Attorney at Law,1,6,"In Ep 6, who is ""Mr. Immortal"" (Craig Hollis), and what is his depressing comic book origin?","Mr. Immortal is a mutant with the power of resurrection. In the comics, his life is constantly plagued by the cosmic entity ""Deathurge,"" who takes away his loved ones, driving Craig to constantly attempt suicide.",Y,,,
SHS1E6_Q3,She-Hulk: Attorney at Law,1,6,"In Ep 6, how does Mr. Immortal legally exploit his powers to get out of his marriages?","He continually kills himself to void his marriages, exploiting the legal loophole that marriages are dissolved upon the death of a spouse.",,Y,,
SHS1E6_Q4,She-Hulk: Attorney at Law,1,6,"In Ep 6, what toxic internet forum from the Marvel comics is introduced as an online hate group targeting She-Hulk?","The Intelligentsia, which in the comics was an elite group of super-genius villains (Leader, MODOK), is adapted here as a misogynistic, Reddit/4chan-style hate site for angry internet trolls.",Y,Y,,
SHS1E6_Q5,She-Hulk: Attorney at Law,1,6,"In Ep 6, what famous pop-culture debate from the 2000s is confirmed to be canon in the MCU by Lulu?","Lulu mentions she dated both Taylor Lautner and Robert Pattinson, confirming the Twilight franchise (and the Team Edward vs. Team Jacob rivalry) exists in the MCU.",,Y,,
SHS1E6_Q6,She-Hulk: Attorney at Law,1,6,"In Ep 6, what specific ""Hulk"" villain is teased as the administrator of the Intelligentsia site (HulkKing)?","The username ""HulkKing"" strongly hints at Todd (the creepy billionaire) or Samuel Sterns (The Leader), who is already confirmed to return in Captain America: New World Order.",Y,,Captain America: New World Order,Y
SHS1E6_Q7,She-Hulk: Attorney at Law,1,6,"In Ep 6, what biological sample are the Intelligentsia members actively trying to steal from Jen?",They are using surveillance and hired goons (The Wrecking Crew/Josh) to steal a sample of her gamma-irradiated Hulk blood.,,,,
SHS1E6_Q8,She-Hulk: Attorney at Law,1,6,"In Ep 6, what specific detail reveals that Jen's new love interest, Josh, is actually an undercover Intelligentsia agent?","After sleeping with Jen, Josh secretly clones her phone data, photographs her sleeping, and sends a text with syringe emojis to the ""HulkKing"" confirming the blood theft operation is active.",,,,
SHS1E7_Q1,She-Hulk: Attorney at Law,1,7,"In Ep 7, how does the opening ""God's-eye view"" sequence of Jen waiting for a text visually echo a famous biographical film?","The continuous tracking shots of Jen waiting in her apartment visually echo the famous spiral/waiting scenes in the movie ""I, Tonya"".",,Y,,
SHS1E7_Q2,She-Hulk: Attorney at Law,1,7,"In Ep 7, who is ""Man-Bull"" (William Taurens), and what is his comic origin?","Man-Bull is a mutant/mutate who was injected with a specialized bull-enzyme serum by a professor, permanently mutating him into a half-man, half-bull creature.",Y,,,
SHS1E7_Q3,She-Hulk: Attorney at Law,1,7,"In Ep 7, who is ""El Aguila"" (Alejandro Montoya), and what are his powers?","El Aguila is officially confirmed as a ""mutant"" (one of the first explicitly named in the MCU). He can shoot bioelectric energy blasts, which he channels through a fencing sword like a modern-day Robin Hood/Zorro.",Y,,,
SHS1E7_Q4,She-Hulk: Attorney at Law,1,7,"In Ep 7, what is the comic book history of the villain Porcupine?",Porcupine (Alexander Gentry) was originally a weapons designer who created a battle suit covered in quills that shot gases and chemicals. He became a criminal because the government wouldn't pay him enough for the suit.,Y,,,
SHS1E7_Q5,She-Hulk: Attorney at Law,1,7,"In Ep 7, why is Emil Blonsky confused about whether Saracen is a vampire or not?","In the Marvel Comics, Saracen (Muzzafar Lambert) is the name of both a human mercenary (from The Punisher) and an ancient, literal vampire (who debuted in Blade: Vampire Hunter #1).",Y,,,
SHS1E7_Q6,She-Hulk: Attorney at Law,1,7,"In Ep 7, what subtle clue on Jen's phone suggests that the Intelligentsia stole her blood?","The episode flashes back to show Josh (the Intelligentsia mole) texting ""HulkKing"" with an emoji of a blood-filled syringe after sleeping with Jen.",,,,
SHS1E7_Q7,She-Hulk: Attorney at Law,1,7,"In Ep 7, what Marvel Comics location is the tow-truck service named after?","The tow truck is named ""Slott Towing,"" a direct nod to writer Dan Slott, who wrote a critically acclaimed, meta-heavy run of the She-Hulk comics.",Y,,,
SHS1E7_Q8,She-Hulk: Attorney at Law,1,7,"In Ep 7, what subtle detail in Jen's phone contacts references the real-world production crew of She-Hulk?","Her contacts list includes actual crew members, including Luke Jacobson (the in-universe and real-world costume designer), Jessica (Gao, the head writer), and several VFX coordinators and editors.",,Y,,
SHS1E8_Q1,She-Hulk: Attorney at Law,1,8,"In Ep 8, who is Eugene Patilio, and what is his superhero/supervillain identity?","Eugene Patilio operates under the moniker Leap-Frog. In the comics, his father Vincent was the original Leap-Frog villain, but Eugene tries to use the suit for good (as Frog-Man).",Y,,,
SHS1E8_Q2,She-Hulk: Attorney at Law,1,8,"In Ep 8, what famous sci-fi sound effect plays when Leap-Frog's rocket boots malfunction?",The sound effect used is the Millennium Falcon's hyperdrive failing from Star Wars (because Skywalker Sound does the audio post-production for Marvel).,,Y,,
SHS1E8_Q3,She-Hulk: Attorney at Law,1,8,"In Ep 8, what major MCU law/document is confirmed to have been repealed?","Matt Murdock confirms that the Sokovia Accords have been repealed, meaning superheroes are no longer tightly regulated by the government like they were after Captain America: Civil War.",,,Captain America: Civil War,
SHS1E8_Q4,She-Hulk: Attorney at Law,1,8,"In Ep 8, how does Matt Murdock immediately know that Eugene Patilio is lying in court?","Using his heightened Daredevil senses, Matt can hear Eugene's heartbeat skip/race and can smell the fumes of the jet fuel, confirming he used the boots against instructions.",,,Daredevil,
SHS1E8_Q5,She-Hulk: Attorney at Law,1,8,"In Ep 8, what specific detail about Todd's purchased vibranium spear connects it to the Black Panther movie?",Todd bought an authentic Wakandan Dora Milaje spear at an auction. This mirrors Killmonger's opening scene in Black Panther where he reclaims a stolen Vibranium artifact from a British museum.,,,Black Panther,
SHS1E8_Q6,She-Hulk: Attorney at Law,1,8,"In Ep 8, how does Daredevil's MCU suit differ from his Netflix suit?","It is a new red and yellow/gold suit designed by Luke Jacobson, directly homaging Daredevil's original classic yellow and red comic book costume.",Y,,Daredevil,
SHS1E8_Q7,She-Hulk: Attorney at Law,1,8,"In Ep 8, what comic book term does Jen explicitly mention when worrying about her character arc, and what does it mean?","She asks if she is ""getting fridged,"" referencing the ""Women in Refrigerators"" trope (coined by Gail Simone) where female characters are killed or assaulted purely to advance a male character's storyline.",Y,Y,,
SHS1E8_Q8,She-Hulk: Attorney at Law,1,8,"In Ep 8, how does the Intelligentsia publicly humiliate Jen at the Southern California Law Awards gala?","They hack the video screen and broadcast stolen, private data from Jen's phone, including a video of her sleeping with Josh (revenge porn), deliberately triggering her to Hulk out in public.",,,,
SHS1E9_Q1,She-Hulk: Attorney at Law,1,9,"In Ep 9, how does the opening sequence pay homage to classic television?","The intro perfectly mimics the 1978 Incredible Hulk TV series starring Lou Ferrigno and Bill Bixby, replacing Bruce with Jen and declaring her ""The Savage She-Hulk.""",,Y,,
SHS1E9_Q2,She-Hulk: Attorney at Law,1,9,"In Ep 9, who is finally revealed to be the ""HulkKing"" behind the Intelligentsia site?","Todd Phelps, the creepy billionaire client from earlier episodes, is revealed to be the creator and funder of Intelligentsia.",,,,
SHS1E9_Q3,She-Hulk: Attorney at Law,1,9,"In Ep 9, what does Todd do with the blood sample stolen from Jen?","He synthesizes her gamma-irradiated blood and injects himself with it, temporarily transforming into a monstrous ""Hulk-Todd.""",,,,
SHS1E9_Q4,She-Hulk: Attorney at Law,1,9,"In Ep 9, when the storyline becomes too messy, how does Jen physically break the fourth wall?","She rips open the Disney+ streaming menu, climbing out of her own show's thumbnail into the Marvel Studios ""Assembled"" thumbnail to confront her show's writers.",,,,
SHS1E9_Q5,She-Hulk: Attorney at Law,1,9,"In Ep 9, when Jen confronts K.E.V.I.N., what does the acronym stand for, and who is it parodying?","K.E.V.I.N. stands for ""Knowledge Enhanced Visual Interconnectivity Nexus."" It is a parody of Marvel Studios President Kevin Feige, operating as an algorithmic AI shaping the MCU.",,Y,,
SHS1E9_Q6,She-Hulk: Attorney at Law,1,9,"In Ep 9, what specific detail on K.E.V.I.N.'s robotic design nods to Kevin Feige's real-world appearance?",The black brim casing over the robot's camera lenses is designed to resemble Kevin Feige's signature black baseball cap.,,Y,,
SHS1E9_Q7,She-Hulk: Attorney at Law,1,9,"In Ep 9, who does Bruce Banner unexpectedly introduce at the family barbecue at the end of the episode?","He introduces his son, Skaar, whom he brought back from the planet Sakaar (setting up World War Hulk comics storylines).",Y,,Thor: Ragnarok,
SHS1E9_Q8,She-Hulk: Attorney at Law,1,9,"In the Ep 9 mid-credits scene, who breaks Emil Blonsky out of the DODC Supermax prison, and where do they go?","Wong opens a portal and breaks Emil out, taking him to Kamar-Taj (just as he offered to do earlier in the season).",,,Doctor Strange,
FATWSS1E1_Q1,The Falcon and the Winter Soldier,1,1,"In Ep 1, why does Sam Wilson's opening scene ironing his suit and preparing Cap's shield feel like a funeral?",The scene uses funeral-like framing and somber music because Sam feels he is respectfully laying Captain America's legacy and symbol to rest by entombing the shield in the Smithsonian.,,,,
FATWSS1E1_Q2,The Falcon and the Winter Soldier,1,1,"In Ep 1, what unique design detail marks the shield Sam hands over as different from Steve Rogers' original shield?",The shield has new notches and engravings because the original was destroyed by Thanos. This new one was brought back from the alternate timeline where Steve lived out his life with Peggy.,,,Avengers: Endgame,
FATWSS1E1_Q3,The Falcon and the Winter Soldier,1,1,"In Ep 1, who is First Lieutenant Joaquin Torres, and what is his comic book destiny?","Torres is Sam's military contact on the ground. In the comics, he eventually takes over the mantle of the Falcon when Sam becomes Captain America.",Y,,,
FATWSS1E1_Q4,The Falcon and the Winter Soldier,1,1,"In Ep 1, how long has it been since the events of Avengers: Endgame?","Sam states he has been working with the Air Force for six months, placing the series about six months after Endgame (around April 2024).",,,Avengers: Endgame,
FATWSS1E1_Q5,The Falcon and the Winter Soldier,1,1,"In Ep 1, what wild internet conspiracy theory does Torres mention regarding the whereabouts of Steve Rogers?",Torres mentions a conspiracy theory that Steve Rogers is secretly living in a base on the moon.,,,,
FATWSS1E1_Q6,The Falcon and the Winter Soldier,1,1,"In Ep 1, what specific names are written in Bucky's notebook of amends, and what do they reference?","The notebook includes names like ""Rostov"" (the Red Barbarian from the comics), ""H. Zemo"" (Helmut Zemo), and ""Yori Nakajima"" (the father of the innocent bystander Bucky murdered in the hotel).",Y,,,
FATWSS1E1_Q7,The Falcon and the Winter Soldier,1,1,"In Ep 1, how does Bucky relate to the elderly Mr. Nakajima?",Bucky relates to him because Bucky is fundamentally a 106-year-old man displaced in time; they bond over reading newspaper obituaries and feeling out of place.,,,,
FATWSS1E1_Q8,The Falcon and the Winter Soldier,1,1,"In the Ep 1 end credits, what ominous warning message is hidden among the graffiti and documents?","The graffiti explicitly states ""Power Broker is watching,"" setting up the unseen crime boss who orchestrates the Super Soldier Serum conflict.",,,,
FATWSS1E2_Q1,The Falcon and the Winter Soldier,1,2,"In Ep 2, what song plays during John Walker's introduction at the high school, and why is it significant?","The marching band plays ""Star Spangled Man With a Plan,"" the exact same propaganda song used during Steve Rogers' USO tour in Captain America: The First Avenger.",,,Captain America: The First Avenger,
FATWSS1E2_Q2,The Falcon and the Winter Soldier,1,2,"In Ep 2, what visual detail on John Walker's Captain America suit highlights that he is a ""manufactured"" corporate hero compared to Steve Rogers?","The Avengers ""A""/star logo on his chest bleeds over onto the shoulder strap, meaning the look is only complete if he is perfectly suited up and strapped in, unlike Steve who could rip the logo off and still function.",,,,
FATWSS1E2_Q3,The Falcon and the Winter Soldier,1,2,"In Ep 2, what are the ""Big Three"" threats that Sam Wilson claims the Avengers always end up fighting?","Sam categorizes all major threats as ""Androids, Aliens, and Wizards"" (referencing Ultron, Thanos, and Loki/Doctor Strange/Witches).",,,,
FATWSS1E2_Q4,The Falcon and the Winter Soldier,1,2,"In Ep 2, what nickname does Sam jokingly call Bucky, and what does Bucky correct him with based on his time in Wakanda?","Sam jokingly calls him ""White Panther,"" but Bucky corrects him, stating his actual Wakandan nickname is the ""White Wolf.""",Y,,Black Panther,
FATWSS1E2_Q5,The Falcon and the Winter Soldier,1,2,"In Ep 2, where does the leader of the Flag Smashers, Karli Morgenthau, get her name from?","She is named after Karl Morgenthau, the original male villain known as Flag-Smasher in the Marvel Comics.",Y,,,
FATWSS1E2_Q6,The Falcon and the Winter Soldier,1,2,"In Ep 2, how does John Walker repeatedly disrespect Sam and Bucky's relationship with Steve Rogers?","Walker calls Bucky ""Buck"" (a nickname reserved exclusively for Steve) and belittles Sam as merely being ""Cap's wingman.""",,,,
FATWSS1E2_Q7,The Falcon and the Winter Soldier,1,2,"In Ep 2, who is the elderly man Sam and Bucky visit in Baltimore, and what is his tragic history?","They visit Isaiah Bradley, the original Black Captain America. He was a Super Soldier who was imprisoned, tortured, and experimented on by the government for 30 years after his service instead of being celebrated as a hero.",Y,Y,,
FATWSS1E2_Q8,The Falcon and the Winter Soldier,1,2,"In Ep 2, who is the young man that opens the door at Isaiah Bradley's house, and what is his comic book destiny?","He is Eli Bradley, Isaiah's grandson, who in the comics goes on to become the Young Avenger known as Patriot.",Y,,,
FATWSS1E3_Q1,The Falcon and the Winter Soldier,1,3,"In Ep 3, what famous philosophical book is Baron Zemo reading in his cell, representing his worldview?","He is reading a book detailing the relationship between Niccolò Machiavelli and Leonardo da Vinci, reflecting his Machiavellian belief that ""the ends justify the means.""",,Y,,
FATWSS1E3_Q2,The Falcon and the Winter Soldier,1,3,"In Ep 3, what iconic classic car sits in Zemo's family garage collection, and who originally drove it in the MCU?",The V16 roadster originally driven by the Red Skull in Captain America: The First Avenger is parked in the garage.,,,Captain America: The First Avenger,
FATWSS1E3_Q3,The Falcon and the Winter Soldier,1,3,"In Ep 3, what iconic comic book clothing item does Zemo finally put on from his car collection?","He dons his iconic purple ski mask (worn by his father, Baron Heinrich Zemo, in the comics) along with his signature fur-collared coat.",Y,,,
FATWSS1E3_Q4,The Falcon and the Winter Soldier,1,3,"In Ep 3, when Sam, Bucky, and Zemo travel to Madripoor, what famous X-Men comic location is visible in ""Lowtown""?","The ""Princess Bar"" is visible, which is a famous dive bar in the comics frequented by Wolverine while under his ""Patch"" alias.",Y,,,
FATWSS1E3_Q5,The Falcon and the Winter Soldier,1,3,"In Ep 3, what is the name of the scientist who recreated the Super Soldier Serum for the Power Broker, and what is his comic origin?","Dr. Wilfred Nagel. In the comics, Nagel (who also used the alias Dr. Reinstein) was the scientist involved in Project Rebirth who experimented on Isaiah Bradley.",Y,,,
FATWSS1E3_Q6,The Falcon and the Winter Soldier,1,3,"In Ep 3, what famous painting hangs in Sharon Carter's art gallery, hinting at her current situation?","She has ""The Raft of the Medusa,"" a French romantic painting depicting a shipwreck and mutiny where a desperate crew turned to starvation and betrayal due to an incompetent captain.",,Y,,
FATWSS1E3_Q7,The Falcon and the Winter Soldier,1,3,"In Ep 3, what tracking technology does Bucky find in the street that alerts him he is being followed?","He finds Kimoyo Beads, the advanced vibranium communication and tracking technology used by Wakandans.",,,Black Panther,
FATWSS1E3_Q8,The Falcon and the Winter Soldier,1,3,"In Ep 3, who confronts Bucky in the alleyway at the end of the episode?","Ayo, the second-in-command of the Dora Milaje, arrives from Wakanda demanding Zemo be handed over for the murder of King T'Chaka.",,,Captain America: Civil War,
FATWSS1E4_Q1,The Falcon and the Winter Soldier,1,4,"In Ep 4, during the opening flashback, what triggers a traumatic montage of Bucky's past as the Winter Soldier?","Ayo recites the Russian Hydra activation words (e.g., ""Furnace,"" ""Benign,"" ""Homecoming"") to prove to Bucky that his mind control has finally been broken.",,,Captain America: Civil War,
FATWSS1E4_Q2,The Falcon and the Winter Soldier,1,4,"In Ep 4, how does Baron Zemo justify his hatred for the Avengers and Super Soldiers?","He argues that the desire to become a superhuman cannot be separated from supremacist ideals, drawing a straight line from Nazi philosophy (the ""Übermensch"") to Ultron and the Avengers.",,Y,,
FATWSS1E4_Q3,The Falcon and the Winter Soldier,1,4,"In Ep 4, what treats does Zemo use to bribe the refugee children into giving him information?",He offers them Turkish Delights (an irresistible candy famously used by the White Witch to bribe Edmund in The Chronicles of Narnia).,,Y,,
FATWSS1E4_Q4,The Falcon and the Winter Soldier,1,4,"In Ep 4, how does John Walker show a dangerous escalation during his first encounter with the Flag Smashers this episode?","He draws and uses a standard firearm (a gun) against them, demonstrating his departure from Steve Rogers' modern reliance solely on the shield.",,,,
FATWSS1E4_Q5,The Falcon and the Winter Soldier,1,4,"In Ep 4, how does the Dora Milaje completely humiliate John Walker and Bucky during the apartment fight?","Ayo effortlessly deactivates Bucky's vibranium arm by hitting hidden pressure points, and the warriors completely outclass Walker using only their ""pointy sticks,"" proving he is inadequate even without super powers.",,,,
FATWSS1E4_Q6,The Falcon and the Winter Soldier,1,4,"In Ep 4, what pushes John Walker over the edge mentally, leading to his horrific final act?","The death of his best friend and partner, Lemar Hoskins (Battlestar), who is killed by Karli Morgenthau when she punches him into a concrete column.",,,,
FATWSS1E4_Q7,The Falcon and the Winter Soldier,1,4,"In Ep 4, how does John Walker's brutal killing of Nico parallel a key moment from Captain America: Civil War?","Walker brings the shield crashing down into Nico's chest, mimicking the exact move Steve Rogers used to disable Iron Man's arc reactor—except Walker does it repeatedly to violently murder Nico in front of a crowd.",,,Captain America: Civil War,
FATWSS1E4_Q8,The Falcon and the Winter Soldier,1,4,"In Ep 4, what subtle terrifying detail is visible on John Walker's body as he stands over the blood-stained shield in the final shot?","His free hand continues to uncontrollably twitch and tremble, physically showing that the Super Soldier Serum has completely unhinged him.",,,,
FATWSS1E5_Q1,The Falcon and the Winter Soldier,1,5,"In Ep 5, how does the opening fight between Sam, Bucky, and John Walker visually mirror the end of Captain America: Civil War?","It mirrors the two-on-one fight where Bucky and Cap teamed up to take down a raging Iron Man, but here Bucky and Sam team up to take down a raging John Walker to reclaim the shield.",,,Captain America: Civil War,
FATWSS1E5_Q2,The Falcon and the Winter Soldier,1,5,"In Ep 5, what specific action does Bucky take that signifies his passing of the torch to Sam?","After recovering the shield, Bucky drops it by Sam's side and walks away (just as Steve dropped it for Tony in Civil War), with the musical score officially playing the ""End of the Line"" theme.",,,Captain America: Civil War,
FATWSS1E5_Q3,The Falcon and the Winter Soldier,1,5,"In Ep 5, who makes a surprise cameo to recruit John Walker after his dishonorable discharge?","Contessa Valentina Allegra de Fontaine (Val), played by Julia Louis-Dreyfus. In the comics, she is a high-ranking spy, sometimes known as Madame Hydra, who recruits anti-heroes.",Y,,,
FATWSS1E5_Q4,The Falcon and the Winter Soldier,1,5,"In Ep 5, how does the show title ""Truth"" tie into Marvel Comics lore?","It is named after the comic series ""Truth: Red, White & Black,"" which explores Isaiah Bradley's erased history as the first Black Captain America and the Tuskegee-style experiments performed on him.",Y,Y,,
FATWSS1E5_Q5,The Falcon and the Winter Soldier,1,5,"In Ep 5, what harrowing action did Isaiah Bradley take during WWII that perfectly mirrors a heroic act by Steve Rogers?","Isaiah disobeyed orders and broke into a POW camp to rescue a group of captured soldiers who were going to be blown up to hide evidence, identical to Steve rescuing the Howling Commandos in The First Avenger.",,,Captain America: The First Avenger,
FATWSS1E5_Q6,The Falcon and the Winter Soldier,1,5,"In Ep 5, where does Bucky find Baron Zemo to hand him over to the Dora Milaje?","Bucky finds Zemo standing in front of the Sokovian Memorial, paying respects to his family and the victims of the Battle of Sokovia.",,,Avengers: Age of Ultron,
FATWSS1E5_Q7,The Falcon and the Winter Soldier,1,5,"In Ep 5, what is revealed about Batroc's earlier mission against the military plane?","A phone call reveals that Sharon Carter hired Batroc for the job, confirming she is deeply involved in orchestrating criminal activities in Madripoor and backing the Flag Smashers.",,,,
FATWSS1E5_Q8,The Falcon and the Winter Soldier,1,5,"In Ep 5's mid-credits scene, what is John Walker building, and what symbolic detail shows his descent into madness?","He is forging his own homemade Captain America shield out of scrap metal and his melted-down Medal of Honor. As he paints it, he coats his thumb in dark red paint, oblivious to looking like he has blood on his hands.",,,,
FATWSS1E6_Q1,The Falcon and the Winter Soldier,1,6,"In Ep 6, what advanced technology does Sharon Carter use to disguise her face while infiltrating the GRC building?","She uses a photostatic mesh ""Widow's Veil"" face mask (previously used by Natasha Romanoff in The Winter Soldier and by agents in Agents of S.H.I.E.L.D.).",,,Captain America: The Winter Soldier,
FATWSS1E6_Q2,The Falcon and the Winter Soldier,1,6,"In Ep 6, how does Sam Wilson's new Captain America suit homage the comics?","The suit is highly comic-accurate to his comic run as Captain America, featuring the white, blue, and red color scheme, the half-cowl, and a magnetic back-latch for the shield.",Y,,,
FATWSS1E6_Q3,The Falcon and the Winter Soldier,1,6,"In Ep 6, how does John Walker seek redemption during the final battle with the Flag Smashers?","He drops his homemade shield to pull a falling armored truck full of hostages back onto the ledge, prioritizing saving lives over getting revenge on Karli.",,,,
FATWSS1E6_Q4,The Falcon and the Winter Soldier,1,6,"In Ep 6, what final major reveal confirms the true identity of the Power Broker?","Sharon Carter shoots Batroc and later Karli to cover her tracks, cementing that she has been the Power Broker controlling Madripoor's criminal underworld all along.",,,,
FATWSS1E6_Q5,The Falcon and the Winter Soldier,1,6,"In Ep 6, what happens to the remaining captured Flag Smashers in the armored transport van?","The van explodes, killing them all. It is revealed that Zemo's butler, Oeznik, triggered the bomb, successfully fulfilling Zemo's mission to eradicate the Super Soldiers from his cell in the Raft.",,,,
FATWSS1E6_Q6,The Falcon and the Winter Soldier,1,6,"In Ep 6, what new comic book moniker does Contessa Valentina Allegra de Fontaine officially bestow upon John Walker?","She gives him a new black, red, and white suit and officially names him ""U.S. Agent.""",Y,,,
FATWSS1E6_Q7,The Falcon and the Winter Soldier,1,6,"In Ep 6, what beautiful tribute does Sam Wilson unveil for Isaiah Bradley at the end of the episode?","Sam brings Isaiah to the Captain America Smithsonian exhibit, revealing a new, permanent statue and plaque dedicated to honoring Isaiah Bradley's erased history as a Black Super Soldier and hero.",,,,
FATWSS1E6_Q8,The Falcon and the Winter Soldier,1,6,"In the Ep 6 post-credits scene, what happens after Sharon Carter is officially pardoned by the U.S. government?","She regains her old position (Agent 13) and immediately makes a phone call to her black-market buyers, offering them full access to highly classified U.S. government weapons and secrets.",,,,
HES1E1_Q1,Hawkeye,1,1,"In Ep 1, how does the opening sequence subvert/alter the famous Battle of New York from The Avengers (2012)?","It shows the famous Battle of New York entirely from the terrifying, condensed perspective of young Kate Bishop as her apartment is destroyed, rather than the triumphant, slow-motion heroic perspective of the Avengers.",,,The Avengers,
HES1E1_Q2,Hawkeye,1,1,"In Ep 1, what iconic comic book panel is recreated during the Battle of New York flashback?","The shot of Hawkeye falling backward off a building and firing an arrow upwards is a direct recreation of the opening panel of the Matt Fraction and David Aja ""Hawkeye"" comic run.",Y,,,
HES1E1_Q3,Hawkeye,1,1,"In Ep 1, what mysterious circumstance surrounds Derek Bishop's death during the Chitauri invasion?","Derek and Eleanor were fighting over severe financial problems right before the attack. Eleanor told Derek she would be ""right back,"" but Derek mysteriously dies off-screen and the financial problems miraculously vanish, suggesting Eleanor used the alien attack as a cover to murder him.",,,,Y
HES1E1_Q4,Hawkeye,1,1,"In Ep 1, what Broadway show does Clint Barton take his kids to see, and what real-world musical inspired it?","They watch ""Rogers: The Musical,"" which is a direct, in-universe parody/homage of Lin-Manuel Miranda's ""Hamilton"" (complete with similar black-on-yellow poster design and silhouette branding).",,Y,,
HES1E1_Q5,Hawkeye,1,1,"In Ep 1, which non-Avenger hilariously cameos as a cast member in the stage production of the Battle of New York?","An actor dressed as Ant-Man is seen fighting in the musical, which Clint correctly points out makes no sense since Ant-Man wasn't at the 2012 battle.",,,The Avengers,
HES1E1_Q6,Hawkeye,1,1,"In Ep 1, what specific item is being sold at the underground black market auction, and where was it recovered from?",The Ronin suit and retractable sword are being auctioned. The auctioneer states they were recovered from the wreckage of the Avengers Compound (destroyed by Thanos in Endgame).,,,Avengers: Endgame,
HES1E1_Q7,Hawkeye,1,1,"In Ep 1, what unique detail is revealed about the Tracksuit Mafia (Tracksuit Draculas) during their auction heist?","The Tracksuit Mafia specifically break into the auction with only 90 seconds to find a mysterious, highly valuable ""watch,"" treating all other items (even the Ronin gear) as secondary.",,,,
HES1E1_Q8,Hawkeye,1,1,"In Ep 1, how does the show visually connect Clint Barton to the psychological trauma of his time as Ronin?","When Clint sees Kate Bishop running around on the news wearing the Ronin suit, the show cuts to a flashback of him in Tokyo during Endgame, clearly experiencing PTSD from his murderous past.",,,Avengers: Endgame,
HES1E2_Q1,Hawkeye,1,2,"In Ep 2, what important detail about Kate Bishop's age confirms her status during the ""Blip""?","She states she is 22 years old in the year 2024. Because she was 10 during the 2012 Battle of New York, this mathematically proves she survived Thanos' snap and lived through the 5-year Blip.",,,Avengers: Infinity War,
HES1E2_Q2,Hawkeye,1,2,"In Ep 2, what clever combat maneuver does Clint use when the Tracksuit Mafia throws a Molotov cocktail through the window?","Clint shatters the window glass first before catching the burning bottle so it doesn't explode on the pane, mirroring a similar tactical move Natasha used in Captain America: The Winter Soldier.",,,Captain America: The Winter Soldier,
HES1E2_Q3,Hawkeye,1,2,"In Ep 2, whose safehouse do Kate and Clint hide out in, and what is its comic book significance?","They hide in the apartment of Kate's aunt, Moira Brandon. In the comics, Moira Brandon is an elderly actress whose massive estate is purchased to become the West Coast Avengers compound.",Y,,,
HES1E2_Q4,Hawkeye,1,2,"In Ep 2, what major physical ailment of Clint Barton's is explored for the first time in the MCU?",Clint is shown wearing a hearing aid. The show explicitly confirms his hearing loss is the cumulative result of being dangerously close to countless massive explosions and traumas during his time as an Avenger.,Y,,,
HES1E2_Q5,Hawkeye,1,2,"In Ep 2, what specific fictional character is spotted amongst the Times Square cosplayers, technically making her MCU canon?",Katniss Everdeen from The Hunger Games is seen cosplaying alongside Thor and Captain America impersonators.,,Y,,
HES1E2_Q6,Hawkeye,1,2,"In Ep 2, who is the firefighter LARPer that Clint tracks down to recover the Ronin suit, and what is his comic origin?","The LARPer is Grills. In the comics, Grills is one of Clint's apartment neighbors who loves to grill on the roof and stands up against local criminals.",Y,,,
HES1E2_Q7,Hawkeye,1,2,"In Ep 2, how does Jack Duquesne (Swordsman) passively threaten Clint Barton during their fencing conversation?","Jack purposefully extends his Ronin sword directly across Clint's neck, using the exact same visual framing used to foreshadow Armand's murder in Ep 1.",,,,
HES1E2_Q8,Hawkeye,1,2,"At the end of Ep 2, who is revealed as the boss of the Tracksuit Mafia?","Maya Lopez (Echo), a deaf, Native American fighter (and eventual vigilante) who senses the world through vibrations.",Y,,,
HES1E3_Q1,Hawkeye,1,3,"In Ep 3, how does the show establish Maya Lopez (Echo) as a unique, visually distinctive character from childhood?","Maya is deaf and uses a prosthetic leg, but is shown excelling in martial arts and using extreme observational skills (like lip-reading and feeling vibrations) to overcome her challenges.",Y,,,
HES1E3_Q2,Hawkeye,1,3,"In Ep 3, who is the mysterious ""Uncle"" that William Lopez tells Maya will take her home from karate class?","The unseen ""Uncle"" is heavily implied to be Wilson Fisk (Kingpin). He is shown wearing a tailored suit, has a heavy footstep, and features Vincent D'Onofrio's signature breathy chuckle.",Y,,Daredevil,
HES1E3_Q3,Hawkeye,1,3,"In Ep 3, what tragic event fuels Maya Lopez's vendetta against Ronin?","Maya witnesses Ronin ruthlessly slaughtering her father, William Lopez, and the rest of the Tracksuit Mafia at the ""Fat Man Auto Repair"" shop.",,,,
HES1E3_Q4,Hawkeye,1,3,"In Ep 3, what iconic movie chase scene does the directors (Bert and Bertie) visually homage during Clint and Kate's escape?","The sequence features a one-minute, unedited, rotating 360-degree shot inside the backseat of the car, acting as a direct visual homage to Alfonso Cuarón's famous car chase shot in ""Children of Men"".",,Y,,
HES1E3_Q5,Hawkeye,1,3,"In Ep 3, what incredibly dangerous trick arrow does Kate fire at the bridge, and who provided the technology?","She fires a Pym Tech arrow (stamped with the Pym logo and glowing blue) to enlarge a regular arrow to massive size, confirming Clint still gets specialized tech from Hank Pym or Scott Lang.",,,Ant-Man,
HES1E3_Q6,Hawkeye,1,3,"In Ep 3, how does Clint Barton prove his archery prowess without looking?","While his hands are bound, he perfectly shoots an arrow through the hand of a Tracksuit Mafia member without looking, recalling his no-look shot from the 2012 Avengers film.",,,The Avengers,
HES1E3_Q7,Hawkeye,1,3,"In Ep 3, what defining physical characteristic of Echo from the comics is recreated using blood?","As her father dies, he presses his bloody hand against Maya's cheek, creating a bloody handprint that perfectly matches the white handprint war paint she wears on her face in the comics.",Y,,,
HES1E3_Q8,Hawkeye,1,3,"In Ep 3, what classic Hawkeye comic book move do Clint and Kate execute together off the bridge?","They leap off the bridge and swing down in tandem using a grappling arrow, mirroring the famous pose from the cover of the Fraction/Aja comic run.",Y,,,
HES1E4_Q1,Hawkeye,1,4,"In Ep 4, how does the show visually reveal that Clint stole the Ronin sword back during the dinner at Eleanor's?","When Jack sips his tea and looks at Kate, Clint's reflection is briefly seen moving in the glass behind Kate, which is the exact moment he swiped the sword.",,,,
HES1E4_Q2,Hawkeye,1,4,"In Ep 4, who is Eleanor Bishop most likely calling when she makes her urgent, secret phone call?","She is likely calling Contessa Valentina Allegra de Fontaine (Val), organizing the hit on Clint Barton by sending Yelena Belova (as teased in the Black Widow post-credits scene).",,,Black Widow,Y
HES1E4_Q3,Hawkeye,1,4,"In Ep 4, what detail about Laura Barton implies she may have a secret espionage background?","She is able to quickly run intelligence on Sloan Limited and trace it back to Jack Duquesne, speaks fluent German to hide information from her kids, and understands Clint's tactical ""catch and release"" strategies.",,,,Y
HES1E4_Q4,Hawkeye,1,4,"In Ep 4, what famous Christmas movie does Clint Barton watch while nursing his wounds, and how does it parallel his life?","He watches ""It's a Wonderful Life."" The scene shows George Bailey getting his family back after they were erased from existence, paralleling Clint getting his family back after the Blip.",,Y,Avengers: Endgame,
HES1E4_Q5,Hawkeye,1,4,"In Ep 4, what shocking twist occurs during the rooftop fight sequence?",Yelena Belova (Black Widow) is revealed as the masked assassin hunting Clint Barton.,,,Black Widow,
HES1E4_Q6,Hawkeye,1,4,"In Ep 4, how does Yelena Belova's arrival directly mimic Black Widow/Natasha Romanoff?","She performs the iconic ""three-point pose"" landing—the exact same superhero landing that Yelena previously mocked Natasha for always doing in the Black Widow movie.",,,Black Widow,
HES1E4_Q7,Hawkeye,1,4,"In Ep 4, what specific action does Yelena take that saves Kate Bishop's life?","Instead of letting Kate fall to her death off the roof, Yelena hooks a repel wire to Kate's belt, ensuring she survives the fall.",,,,
HES1E4_Q8,Hawkeye,1,4,"In Ep 4, how does the musical score heighten the emotional weight of Kate hanging off the building?","The score plays the exact same tragic musical theme used during Natasha Romanoff's death on Vormir in Avengers: Endgame, triggering Clint's PTSD regarding the loss of his partner.",,,Avengers: Endgame,
HES1E5_Q1,Hawkeye,1,5,"In Ep 5, how does the opening sequence perfectly illustrate the subjective horror of the Blip?","It shows the 5-year Blip entirely from Yelena's perspective in a continuous 60-second shot. For her, she turns to dust and instantaneously reforms, while the room around her visually ages and changes in a matter of seconds.",,,Avengers: Infinity War,
HES1E5_Q2,Hawkeye,1,5,"In Ep 5, what specific audio cue plays as Yelena talks about Natasha, confirming her ultimate fate?","The specific whistle that Yelena and Natasha used to signal each other in the Black Widow movie plays, but it's the exact audio from the post-credits scene where Yelena visits Natasha's grave.",,,Black Widow,
HES1E5_Q3,Hawkeye,1,5,"In Ep 5, what is the meaning behind Yelena wanting to see the ""new and improved Statue of Liberty""?","It's a direct reference to the remodeled Lady Liberty holding a giant Captain America shield, which is the setting of the final battle in Spider-Man: No Way Home.",,,Spider-Man: No Way Home,
HES1E5_Q4,Hawkeye,1,5,"In Ep 5, where does Clint Barton go to mourn and speak to Natasha?","He visits the Battle of New York memorial plaque at Grand Central Terminal, the exact spot where the original six Avengers first assembled in a circle in 2012.",,,The Avengers,
HES1E5_Q5,Hawkeye,1,5,"In Ep 5, what major revelation does Clint make to Maya Lopez during their confrontation?","He reveals that he (as Ronin) was specifically tipped off by an informant within the Tracksuit Mafia—approved by their boss (""Uncle"")—to assassinate her father.",,,,
HES1E5_Q6,Hawkeye,1,5,"In Ep 5, what information does Yelena text Kate Bishop that changes everything?","Yelena reveals that the person who hired her to assassinate Clint Barton was actually Kate's mother, Eleanor Bishop.",,,,
HES1E5_Q7,Hawkeye,1,5,"In Ep 5, what massive MCU villain is officially revealed as the ""big guy"" working with Eleanor Bishop?","Wilson Fisk, the Kingpin (played by Vincent D'Onofrio, reprising his role from the Netflix Daredevil series), is revealed via a blurry photograph.",Y,,Daredevil,
HES1E5_Q8,Hawkeye,1,5,"In Ep 5, what famous Christmas song plays over the end credits, reflecting the villain reveal?","""You're a Mean One, Mr. Grinch,"" perfectly fitting the reveal of the looming, evil Kingpin in his tower.",,Y,,
HES1E6_Q1,Hawkeye,1,6,"In Ep 6, how does the show utilize camera angles to emphasize Kingpin's immense power during his meeting with Eleanor?","The camera shoots Kingpin from below (making him look huge) and Eleanor from above (making her look small), using forced perspective to highlight his intimidating dominance.",,Y,,
HES1E6_Q2,Hawkeye,1,6,"In Ep 6, what distinct clothing item does Kingpin wear that matches a famous comic book cover?","He wears a red Hawaiian shirt under a white suit jacket, matching his exact outfit from the cover of the ""Spider-Man: Family Business"" comic.",Y,,,
HES1E6_Q3,Hawkeye,1,6,"In Ep 6, how does Kate Bishop hilariously handle the elevator fight with Yelena Belova?","Kate pushes every single button on the elevator control panel to slow Yelena down (a classic homage to the movie ""Elf"").",,Y,,
HES1E6_Q4,Hawkeye,1,6,"In Ep 6, what extremely lethal trick arrow does Kate use against the Tracksuit Mafia van?","She uses a Pym Particle arrow to shrink the ""Trust a Bro"" van (with Tracksuits still inside) to a tiny size, before it gets snatched up and carried away by an owl.",,,Ant-Man,
HES1E6_Q5,Hawkeye,1,6,"In Ep 6, how does Clint finally convince Yelena to spare his life and prove Natasha's love for him?","Clint perfectly mimics the secret whistle that Natasha and Yelena shared as children, proving that Natasha spoke intimately to him about her sister.",,,Black Widow,
HES1E6_Q6,Hawkeye,1,6,"In Ep 6, what classic comic book homage happens when Maya Lopez confronts Kingpin in the alley?","Maya holds a gun to Kingpin and shoots him off-screen. In the comics, she famously shoots him ""eye to eye,"" temporarily blinding him rather than killing him.",Y,,,
HES1E6_Q7,Hawkeye,1,6,"In Ep 6, what is revealed about the mystery Rolex watch Clint recovered?","The back of the watch has the S.H.I.E.L.D. logo and the number ""19"" engraved on it. It belongs to Clint's wife, Laura Barton, confirming she was S.H.I.E.L.D. Agent 19 (Mockingbird).",Y,,,
HES1E6_Q8,Hawkeye,1,6,What is the post-credits scene of Hawkeye Ep 6?,"A full, uncut musical performance of the song ""Save the City"" from the in-universe Broadway show ""Rogers: The Musical.""",,,,
MMS1E1_Q1,Ms Marvel,1,1,"In Ep 1, how is the Marvel Studios opening logo updated, and what song plays over it?","The logo is updated to include Doctor Strange (from Multiverse of Madness) and Moon Knight. The song playing over it is The Weeknd's ""Blinding Lights,"" an intentional tease for the visual aesthetic of Kamala's hard-light powers.",,Y,Moon Knight,
MMS1E1_Q2,Ms Marvel,1,1,"In Ep 1, how does Kamala Khan know so many specific details about the final battle in Avengers: Endgame?","Kamala mentions studying Scott Lang's podcast, ""Big Me, Little Me: A Marvelous Life,"" revealing that Ant-Man shared the details of the Endgame battle with the public via a podcast.",,,Avengers: Endgame,
MMS1E1_Q3,Ms Marvel,1,1,"In Ep 1, what specific reference connects the high school guidance counselor to the creator of Ms. Marvel?","The guidance counselor is named Mr. Gabe Wilson, named directly after G. Willow Wilson, the writer who created the modern Kamala Khan Ms. Marvel comic series. His desk organizer also says ""GWW"".",Y,Y,,
MMS1E1_Q4,Ms Marvel,1,1,"In Ep 1, what ""Captain Marvel"" Easter egg is hidden in the dialogue when Kamala floors the gas during her driving test?","She backs into the driving instructor's car while thinking ""Higher, further, faster, baby,"" which was Carol Danvers' catchphrase in the Captain Marvel film.",,,Captain Marvel,
MMS1E1_Q5,Ms Marvel,1,1,"In Ep 1, when Kamala falls back onto her bed dreaming of a Tiara, what major change to her comic powers does the show hint at?","In the comics, she gains stretchy, shape-shifting ""embiggening"" powers after breathing Terrigen Mist. In the show, her powers are visually changed to Cosmic/Crystalline ""hard light"" constructs triggered by her grandmother's bangle.",Y,,,
MMS1E1_Q6,Ms Marvel,1,1,"In Ep 1, what MCU government agency makes an appearance in the post-credits scene, and who is the returning character?","The Department of Damage Control (DODC) appears, featuring the return of Agent Cleary (Arian Moayed), who previously interrogated Peter Parker in Spider-Man: No Way Home.",,,Spider-Man: No Way Home,
MMS1E1_Q7,Ms Marvel,1,1,"In Ep 1, what real-world location is ""AvengerCon"" hosted at, and what is its significance to the MCU?","It is hosted at Camp Lehigh in New Jersey. In the MCU, Camp Lehigh is where Steve Rogers trained in WWII, where S.H.I.E.L.D./Hydra operated from in The Winter Soldier, and where Tony and Steve time-traveled to in Endgame.",,,Captain America: The First Avenger,
MMS1E1_Q8,Ms Marvel,1,1,"In Ep 1, what specific detail at AvengerCon honors Natasha Romanoff and Tony Stark?","There is a ""Memorial Wall for the Fallen"" dedicated to Black Widow and Iron Man, though Vision is noticeably absent from the tribute.",,,Avengers: Endgame,
MMS1E2_Q1,Ms Marvel,1,2,"In Ep 2, what 1980s high school movie is directly homaged when Kamala confidently struts down the school hallway?","She wears a ""Save Ferris"" button and the scene visually homages ""Ferris Bueller's Day Off."" She also bumps into Kamran and drops her chemistry textbook, mimicking Peter and MJ in The Amazing Spider-Man.",,Y,,
MMS1E2_Q2,Ms Marvel,1,2,"In Ep 2, what classic Marvel Comics location is teased by the QR code on the wall next to Kamala and Bruno?","Scanning the QR code takes you to Ms. Marvel #15 (2014), the exact comic issue where Kamala first meets Kamran.",Y,,,
MMS1E2_Q3,Ms Marvel,1,2,"In Ep 2, what specific Bollywood actor do Kamala and Kamran bond over?","They bond over their mutual crush on Shah Rukh Khan (SRK), mentioning his classic Bollywood movies Baazigar (1993) and DDLJ (1995).",,Y,,
MMS1E2_Q4,Ms Marvel,1,2,"In Ep 2, what major MCU cosmic hero is explicitly named as a superhero comparison during Kamala and Bruno's training montage?","Bruno asks if she has ""Photon"" gloves, confirming that Monica Rambeau is publicly known by her comic book alias ""Photon"" in the MCU.",Y,,WandaVision,
MMS1E2_Q5,Ms Marvel,1,2,"In Ep 2, what specific MCU hero is directly referenced when Kamran asks if Kamala's mom is into ""Kingo""?","He references Kingo (Kumail Nanjiani), the ageless Bollywood star who is actually an Eternal from the movie Eternals.",,,Eternals,
MMS1E2_Q6,Ms Marvel,1,2,"In Ep 2, what major historical event is central to Kamala's family backstory?","The 1947 Partition of India, when British India was divided into independent India and Pakistan, creating massive displacement, violence, and the separation of Kamala's grandmother (Sana) from her family at the train station.",,Y,,
MMS1E2_Q7,Ms Marvel,1,2,"In Ep 2, what term is used by the DODC agents to refer to super-powered people like Kamala, continuing a trend from Age of Ultron?","They refer to her as an ""Enhanced Individual,"" a catch-all MCU term used for superhumans/rogues instead of the word ""Mutants"".",,,Avengers: Age of Ultron,
MMS1E2_Q8,Ms Marvel,1,2,"In Ep 2, when Kamala has a vision of a woman (Najma) while trying to save the boy at the Eid festival, what major clue implies Kamran has a hidden agenda?","The woman in the vision (Kamala's great-grandmother Aisha / Najma) is revealed to be the mother of Kamran, who swoops in at the end of the episode to drive Kamala away, showing they set her up.",,,,
MMS1E3_Q1,Ms Marvel,1,3,"In Ep 3, what major MCU Easter egg is carved into the floor of the 1942 British-occupied Indian temple where Aisha finds the bangle?",The symbol of the Ten Rings (from Shang-Chi and the Legend of the Ten Rings) is carved into the floor of the tomb.,,,Shang-Chi and the Legend of the Ten Rings,
MMS1E3_Q2,Ms Marvel,1,3,"In Ep 3, whose severed, blue-skinned arm is the bangle found attached to in the temple flashback?",The blue arm strongly implies it is a dead Kree warrior. The Kree are an alien race tied to Captain Marvel's powers and the creation of Inhumans.,Y,,Captain Marvel,Y
MMS1E3_Q3,Ms Marvel,1,3,"In Ep 3, what is the true origin of Najma, Kamran, and the others, and what mythology do they tie into?","They are interdimensional exiles from the ""Noor Dimension"" known as Clandestines. On Earth, human folklore has referred to them as ""Djinn"" (Genies) from pre-Islamic and Islamic mythology.",Y,Y,,
MMS1E3_Q4,Ms Marvel,1,3,"In Ep 3, when Bruno is researching interdimensional travel and the Noor dimension, whose scientific paper is he reading?","He is reading a paper written by Dr. Erik Selvig, the astrophysicist from the Thor movies and The Avengers.",,,Thor,
MMS1E3_Q5,Ms Marvel,1,3,"In Ep 3, what comic-accurate power does Kamala finally demonstrate during the kitchen fight with the Clandestines?","Kamala uses her hard light to create a giant, ""embiggened"" fist to stretch across the room and punch a Clandestine, mirroring her signature stretching/embiggening powers from the comics.",Y,,,
MMS1E3_Q6,Ms Marvel,1,3,"In Ep 3, what specific comic book villain group is subtly referenced by the name ""Clandestines""?","It references the ""ClanDestine,"" a relatively obscure 1990s Marvel comic family created by Alan Davis, descended from a 12th-century Englishman who fell in love with a Djinn.",Y,,,
MMS1E3_Q7,Ms Marvel,1,3,"In Ep 3, what 1980s rock band's music plays a diegetic role during the Clandestines' attack on the wedding?","Bon Jovi. The wedding features a Bon Jovi cover band (""Brown Jovi""), and their hit ""Livin' on a Prayer"" plays during the chaotic fight scene.",,Y,,
MMS1E3_Q8,Ms Marvel,1,3,"In Ep 3, what vision does Kamala see when Najma touches the bangle during the fight?","Kamala sees a vision of a steam train arriving at a station in Karachi, referencing the exact night of the 1947 Partition when her grandmother was separated from her family.",,Y,,
MMS1E4_Q1,Ms Marvel,1,4,"In Ep 4, how does the show visually honor its new setting of Karachi, Pakistan in the opening titles?","The ""Previously On"" voiceover switches to Urdu, and the Ms. Marvel logos are shown written in Urdu or scorched into a piece of naan bread.",,Y,,
MMS1E4_Q2,Ms Marvel,1,4,"In Ep 4, what Ant-Man Easter egg is found painted as a mural at the Karachi train station?","There is a mural of Ant-Man resizing with an Urdu word bubble that translates to ""As powerful as an ant,"" along with text saying ""You can start small and still be larger than life.""",,Y,Ant-Man,
MMS1E4_Q3,Ms Marvel,1,4,"In Ep 4, who attacks Kamala at the train station, and what is his comic book counterpart?","She is attacked by Kareem (the Red Dagger), a vigilante from Karachi who also appears in the Ms. Marvel comics and eventually moves to Jersey City.",Y,,,
MMS1E4_Q4,Ms Marvel,1,4,"In Ep 4, what famous sci-fi movie quote does Kamala mistakenly think she is referencing when she says ""Come with me if you want to live""?","She accidentally misquotes ""Terminator 2: Judgment Day,"" thinking it's just a generic action phrase.",,Y,,
MMS1E4_Q5,Ms Marvel,1,4,"In Ep 4, how does Waleed explain the concept of the ""Djinn"" and the Noor Dimension connecting to Earth?","Waleed explains that ""Djinn"" is just the local human mythology for interdimensional beings, comparing it to how if Thor landed in the Himalayas, he would have been called a Djinn too.",,,Thor,
MMS1E4_Q6,Ms Marvel,1,4,"In Ep 4, what multiversal/dimensional threat does Waleed warn will happen if the Clandestines tear down the Veil of Noor?","Waleed warns that the Noor Dimension will completely envelop and destroy their world, a concept extremely similar to the ""Incursions"" between universes described in Doctor Strange in the Multiverse of Madness.",,,Doctor Strange in the Multiverse of Madness,
MMS1E4_Q7,Ms Marvel,1,4,"In Ep 4, what specific inscription does Waleed find on Kamala's bangle that was not part of the original myth?","The inscription reads, ""What you seek is seeking you,"" heavily implying Aisha added it as a message that an extraterrestrial/cosmic force is searching for the bangle.",,,,
MMS1E4_Q8,Ms Marvel,1,4,"In Ep 4, how does the episode end during the chase sequence in Karachi?","Najma stabs the bangle with her weapon, tearing a rift in spacetime that plunges Kamala directly into the chaotic memory/reality of the 1947 Partition at the train station.",,Y,,
MMS1E5_Q1,Ms Marvel,1,5,"In Ep 5, the opening newsreel explains the 1947 Partition of India. What major historical figures are shown in the footage?","The footage shows newly appointed Indian Prime Minister Jawaharlal Nehru, Pakistan's founder Muhammad Ali Jinnah, and Mahatma Gandhi.",,Y,,
MMS1E5_Q2,Ms Marvel,1,5,"In Ep 5, what famous 13th-century poet does Hasan quote to Aisha, connecting back to the inscription on the bangle?","He quotes Rumi: ""What you seek is seeking you.""",,Y,,
MMS1E5_Q3,Ms Marvel,1,5,"In Ep 5, who actually cast the ""trail of stars"" that saved young Sana at the train station during the Partition?","The show uses a ""closed loop"" (predestination paradox) form of time travel to reveal that Kamala herself traveled back in time to project the hard-light stars that guided her grandmother to safety.",,,,
MMS1E5_Q4,Ms Marvel,1,5,"In Ep 5, what happens to the Clandestines (including Najma) when they attempt to walk through the opened Veil of Noor?","They are instantly turned into a crystalline rock structure (resembling Terrigenesis cocoons from Agents of S.H.I.E.L.D.) and melt away into skeletons, destroying themselves.",,,Agents of S.H.I.E.L.D.,
MMS1E5_Q5,Ms Marvel,1,5,"In Ep 5, what does Najma do with her last remaining energy before dying at the Veil?","She transfers her Noor energy across dimensions to her son, Kamran, forcefully activating his latent, teal-colored hard-light powers without the need for a bangle.",,,,
MMS1E5_Q6,Ms Marvel,1,5,"In Ep 5, what piece of her ultimate superhero costume does Kareem (Red Dagger) give to Kamala before she leaves Pakistan?","He gives her his signature red scarf, which acts as the sash for her final, comic-accurate Ms. Marvel costume.",Y,,,
MMS1E5_Q7,Ms Marvel,1,5,"In Ep 5, what piece of Stark Tech does the DODC deploy to attack Kamran and Bruno?","They deploy a Stark Industries combat drone, which was previously confiscated by the DODC after the events of Spider-Man: Far From Home.",,,Spider-Man: Far From Home,
MMS1E5_Q8,Ms Marvel,1,5,"In Ep 5, what happens to Bruno's Circle Q convenience store at the end of the episode?","Kamran uses his newly awakened, unstable Noor powers to swat the DODC drone, which crashes and completely destroys the Circle Q bodega in a massive explosion.",,,,
MMS1E6_Q1,Ms Marvel,1,6,"In Ep 6, what specific detail confirms the exact year the show takes place?","The gyro vendor's sanitation grade certificate in the background is dated March 14, 2025, confirming the show takes place in Spring 2025.",,,,
MMS1E6_Q2,Ms Marvel,1,6,"In Ep 6, how does Kamala get her comic-accurate superhero suit?","Her mother, Muneeba, makes it for her. It incorporates the red scarf from Red Dagger, the blue vest from Waleed, the mask from Bruno, and a lightning bolt logo inspired by her broken Arabic name necklace.",Y,,,
MMS1E6_Q3,Ms Marvel,1,6,"In Ep 6, what classic ""MCU disguise"" trope do Bruno and Kamran use to hide from the DODC?","They use the classic MCU ""baseball cap and sunglasses"" disguise (previously mocked in Ant-Man and the Wasp). Their hats ironically say ""Haram"" (Forbidden) and ""Halal"" (Permissible).",,Y,Ant-Man and the Wasp,
MMS1E6_Q4,Ms Marvel,1,6,"In Ep 6, what heavy, Stark-built weaponry does the DODC use to blast Kamala's hard-light shields?",They use handheld sonic cannons. These are the same Stark Tech sonic cannons used against the Hulk in The Incredible Hulk (2008) and by War Machine against Wanda in Captain America: Civil War.,,,The Incredible Hulk,
MMS1E6_Q5,Ms Marvel,1,6,"In Ep 6, what iconic comic book catchphrase does Kamala use right before expanding her powers to full size?","She explicitly says the word ""Embiggen,"" which is her signature catchphrase from the comics when stretching or growing to giant size.",Y,,,
MMS1E6_Q6,Ms Marvel,1,6,"In Ep 6, what is the meaning behind the superhero name ""Ms. Marvel""?","Kamala's father Yusuf explains that her name ""Kamala"" means ""perfect"" in Arabic, but in Urdu, it closely translates to ""wonder"" or ""marvel,"" making her their little ""Ms. Marvel.""",,Y,,
MMS1E6_Q7,Ms Marvel,1,6,"In Ep 6, Bruno drops a massive lore bombshell about Kamala's DNA. What is it, and what iconic music plays?","Bruno reveals that Kamala's genes have a ""mutation"" (making her the MCU's first official 616 Mutant, retconning her Inhuman comic origin). Immediately, a snippet of the iconic 1990s X-Men: The Animated Series theme song plays.",Y,Y,X-Men: The Animated Series,
MMS1E6_Q8,Ms Marvel,1,6,"In the Ep 6 post-credits scene, what happens to Kamala's bangle, and who makes a surprise cameo?","Kamala's bangle glows, and she magically swaps places (teleports) with Carol Danvers (Captain Marvel), played by Brie Larson, who looks around Kamala's fan-girl bedroom in confusion.",,,Captain Marvel,
